-- phpMyAdmin SQL Dump
-- version 4.1.12
-- http://www.phpmyadmin.net
--
-- Host: 127.0.0.1
-- Generation Time: 25 Apr 2015 pada 02.22
-- Versi Server: 5.6.16
-- PHP Version: 5.5.11

SET SQL_MODE = "NO_AUTO_VALUE_ON_ZERO";
SET time_zone = "+00:00";


/*!40101 SET @OLD_CHARACTER_SET_CLIENT=@@CHARACTER_SET_CLIENT */;
/*!40101 SET @OLD_CHARACTER_SET_RESULTS=@@CHARACTER_SET_RESULTS */;
/*!40101 SET @OLD_COLLATION_CONNECTION=@@COLLATION_CONNECTION */;
/*!40101 SET NAMES utf8 */;

--
-- Database: `sis`
--

-- --------------------------------------------------------

--
-- Struktur dari tabel `tbl_absensi`
--

CREATE TABLE IF NOT EXISTS `tbl_absensi` (
  `id_absensi` int(10) NOT NULL AUTO_INCREMENT,
  `id_siswa` int(10) NOT NULL,
  `id_kelas` int(10) NOT NULL,
  `absen` char(3) NOT NULL,
  `tanggal` int(2) NOT NULL,
  `bulan` int(2) NOT NULL,
  `tahun` int(4) NOT NULL,
  PRIMARY KEY (`id_absensi`)
) ENGINE=MyISAM  DEFAULT CHARSET=latin1 AUTO_INCREMENT=939 ;

--
-- Dumping data untuk tabel `tbl_absensi`
--

INSERT INTO `tbl_absensi` (`id_absensi`, `id_siswa`, `id_kelas`, `absen`, `tanggal`, `bulan`, `tahun`) VALUES
(1, 312, 9, 'H', 25, 1, 2011),
(2, 313, 9, 'H', 25, 1, 2011),
(3, 314, 9, 'H', 25, 1, 2011),
(4, 315, 9, 'H', 25, 1, 2011),
(5, 316, 9, 'H', 25, 1, 2011),
(6, 317, 9, 'H', 25, 1, 2011),
(7, 318, 9, 'H', 25, 1, 2011),
(8, 319, 9, 'H', 25, 1, 2011),
(9, 320, 9, 'H', 25, 1, 2011),
(10, 321, 9, 'H', 25, 1, 2011),
(11, 322, 9, 'H', 25, 1, 2011),
(12, 323, 9, 'H', 25, 1, 2011),
(13, 324, 9, 'H', 25, 1, 2011),
(14, 325, 9, 'H', 25, 1, 2011),
(15, 326, 9, 'H', 25, 1, 2011),
(16, 327, 9, 'H', 25, 1, 2011),
(17, 328, 9, 'H', 25, 1, 2011),
(18, 329, 9, 'H', 25, 1, 2011),
(19, 330, 9, 'H', 25, 1, 2011),
(20, 331, 9, 'H', 25, 1, 2011),
(21, 332, 9, 'H', 25, 1, 2011),
(22, 333, 9, 'H', 25, 1, 2011),
(23, 334, 9, 'H', 25, 1, 2011),
(24, 335, 9, 'H', 25, 1, 2011),
(25, 336, 9, 'H', 25, 1, 2011),
(26, 337, 9, 'H', 25, 1, 2011),
(27, 338, 9, 'H', 25, 1, 2011),
(28, 339, 9, 'H', 25, 1, 2011),
(29, 340, 9, 'H', 25, 1, 2011),
(30, 341, 9, 'H', 25, 1, 2011),
(31, 342, 9, 'H', 25, 1, 2011),
(32, 343, 9, 'H', 25, 1, 2011),
(33, 344, 9, 'H', 25, 1, 2011),
(34, 345, 9, 'H', 25, 1, 2011),
(35, 346, 9, 'H', 25, 1, 2011),
(36, 347, 9, 'H', 25, 1, 2011),
(37, 348, 9, 'H', 25, 1, 2011),
(38, 349, 9, 'H', 25, 1, 2011),
(39, 350, 9, 'H', 25, 1, 2011),
(40, 312, 9, 'I', 22, 2, 2011),
(41, 313, 9, 'A', 22, 2, 2011),
(42, 314, 9, 'B', 22, 2, 2011),
(43, 315, 9, 'B', 22, 2, 2011),
(44, 316, 9, 'B', 22, 2, 2011),
(45, 317, 9, 'H', 22, 2, 2011),
(46, 318, 9, 'H', 22, 2, 2011),
(47, 319, 9, 'H', 22, 2, 2011),
(48, 320, 9, 'H', 22, 2, 2011),
(49, 321, 9, 'H', 22, 2, 2011),
(50, 322, 9, 'H', 22, 2, 2011),
(51, 323, 9, 'H', 22, 2, 2011),
(52, 324, 9, 'H', 22, 2, 2011),
(53, 325, 9, 'H', 22, 2, 2011),
(54, 326, 9, 'H', 22, 2, 2011),
(55, 327, 9, 'H', 22, 2, 2011),
(56, 328, 9, 'H', 22, 2, 2011),
(57, 329, 9, 'H', 22, 2, 2011),
(58, 330, 9, 'H', 22, 2, 2011),
(59, 331, 9, 'H', 22, 2, 2011),
(60, 332, 9, 'H', 22, 2, 2011),
(61, 333, 9, 'H', 22, 2, 2011),
(62, 334, 9, 'H', 22, 2, 2011),
(63, 335, 9, 'H', 22, 2, 2011),
(64, 336, 9, 'B', 22, 2, 2011),
(65, 337, 9, 'B', 22, 2, 2011),
(66, 338, 9, 'B', 22, 2, 2011),
(67, 339, 9, 'B', 22, 2, 2011),
(68, 340, 9, 'B', 22, 2, 2011),
(69, 341, 9, 'B', 22, 2, 2011),
(70, 342, 9, 'B', 22, 2, 2011),
(71, 343, 9, 'A', 22, 2, 2011),
(72, 344, 9, 'A', 22, 2, 2011),
(73, 345, 9, 'A', 22, 2, 2011),
(74, 346, 9, 'A', 22, 2, 2011),
(75, 347, 9, 'A', 22, 2, 2011),
(76, 348, 9, 'A', 22, 2, 2011),
(77, 349, 9, 'A', 22, 2, 2011),
(78, 350, 9, 'A', 22, 2, 2011),
(79, 1, 1, 'H', 23, 2, 2011),
(80, 2, 1, 'B', 23, 2, 2011),
(81, 3, 1, 'B', 23, 2, 2011),
(82, 4, 1, 'A', 23, 2, 2011),
(83, 5, 1, 'H', 23, 2, 2011),
(84, 6, 1, 'H', 23, 2, 2011),
(85, 7, 1, 'H', 23, 2, 2011),
(86, 8, 1, 'H', 23, 2, 2011),
(87, 9, 1, 'B', 23, 2, 2011),
(88, 10, 1, 'B', 23, 2, 2011),
(89, 11, 1, 'B', 23, 2, 2011),
(90, 12, 1, 'B', 23, 2, 2011),
(91, 13, 1, 'B', 23, 2, 2011),
(92, 14, 1, 'B', 23, 2, 2011),
(93, 15, 1, 'H', 23, 2, 2011),
(94, 16, 1, 'H', 23, 2, 2011),
(95, 17, 1, 'H', 23, 2, 2011),
(96, 18, 1, 'H', 23, 2, 2011),
(97, 19, 1, 'H', 23, 2, 2011),
(98, 20, 1, 'H', 23, 2, 2011),
(99, 21, 1, 'H', 23, 2, 2011),
(100, 22, 1, 'H', 23, 2, 2011),
(101, 23, 1, 'I', 23, 2, 2011),
(102, 24, 1, 'I', 23, 2, 2011),
(103, 25, 1, 'S', 23, 2, 2011),
(104, 26, 1, 'S', 23, 2, 2011),
(105, 27, 1, 'S', 23, 2, 2011),
(106, 28, 1, 'H', 23, 2, 2011),
(107, 29, 1, 'H', 23, 2, 2011),
(108, 30, 1, 'H', 23, 2, 2011),
(109, 31, 1, 'H', 23, 2, 2011),
(110, 32, 1, 'H', 23, 2, 2011),
(111, 33, 1, 'H', 23, 2, 2011),
(112, 34, 1, 'H', 23, 2, 2011),
(113, 35, 1, 'B', 23, 2, 2011),
(114, 36, 1, 'B', 23, 2, 2011),
(115, 37, 1, 'A', 23, 2, 2011),
(116, 38, 1, 'A', 23, 2, 2011),
(117, 39, 1, 'B', 23, 2, 2011),
(118, 40, 1, 'B', 23, 2, 2011),
(119, 41, 1, 'H', 23, 2, 2011),
(120, 42, 1, 'H', 23, 2, 2011),
(121, 312, 9, 'H', 23, 2, 2011),
(122, 313, 9, 'B', 23, 2, 2011),
(123, 314, 9, 'B', 23, 2, 2011),
(124, 315, 9, 'A', 23, 2, 2011),
(125, 316, 9, 'A', 23, 2, 2011),
(126, 317, 9, 'B', 23, 2, 2011),
(127, 318, 9, 'B', 23, 2, 2011),
(128, 319, 9, 'B', 23, 2, 2011),
(129, 320, 9, 'H', 23, 2, 2011),
(130, 321, 9, 'H', 23, 2, 2011),
(131, 322, 9, 'H', 23, 2, 2011),
(132, 323, 9, 'B', 23, 2, 2011),
(133, 324, 9, 'A', 23, 2, 2011),
(134, 325, 9, 'I', 23, 2, 2011),
(135, 326, 9, 'S', 23, 2, 2011),
(136, 327, 9, 'H', 23, 2, 2011),
(137, 328, 9, 'H', 23, 2, 2011),
(138, 329, 9, 'H', 23, 2, 2011),
(139, 330, 9, 'H', 23, 2, 2011),
(140, 331, 9, 'B', 23, 2, 2011),
(141, 332, 9, 'B', 23, 2, 2011),
(142, 333, 9, 'A', 23, 2, 2011),
(143, 334, 9, 'A', 23, 2, 2011),
(144, 335, 9, 'A', 23, 2, 2011),
(145, 336, 9, 'I', 23, 2, 2011),
(146, 337, 9, 'H', 23, 2, 2011),
(147, 338, 9, 'H', 23, 2, 2011),
(148, 339, 9, 'H', 23, 2, 2011),
(149, 340, 9, 'H', 23, 2, 2011),
(150, 341, 9, 'B', 23, 2, 2011),
(151, 342, 9, 'B', 23, 2, 2011),
(152, 343, 9, 'A', 23, 2, 2011),
(153, 344, 9, 'H', 23, 2, 2011),
(154, 345, 9, 'H', 23, 2, 2011),
(155, 346, 9, 'H', 23, 2, 2011),
(156, 347, 9, 'H', 23, 2, 2011),
(157, 348, 9, 'H', 23, 2, 2011),
(158, 349, 9, 'H', 23, 2, 2011),
(159, 350, 9, 'H', 23, 2, 2011),
(237, 350, 9, 'SK', 24, 2, 2011),
(236, 349, 9, 'D', 24, 2, 2011),
(235, 348, 9, 'H', 24, 2, 2011),
(234, 347, 9, 'B', 24, 2, 2011),
(233, 346, 9, 'A', 24, 2, 2011),
(232, 345, 9, 'I', 24, 2, 2011),
(231, 344, 9, 'S', 24, 2, 2011),
(230, 343, 9, 'S', 24, 2, 2011),
(229, 342, 9, 'S', 24, 2, 2011),
(228, 341, 9, 'S', 24, 2, 2011),
(227, 340, 9, 'I', 24, 2, 2011),
(226, 339, 9, 'I', 24, 2, 2011),
(225, 338, 9, 'I', 24, 2, 2011),
(224, 337, 9, 'I', 24, 2, 2011),
(223, 336, 9, 'A', 24, 2, 2011),
(222, 335, 9, 'A', 24, 2, 2011),
(221, 334, 9, 'A', 24, 2, 2011),
(220, 333, 9, 'A', 24, 2, 2011),
(219, 332, 9, 'A', 24, 2, 2011),
(218, 331, 9, 'A', 24, 2, 2011),
(217, 330, 9, 'B', 24, 2, 2011),
(216, 329, 9, 'B', 24, 2, 2011),
(215, 328, 9, 'B', 24, 2, 2011),
(214, 327, 9, 'B', 24, 2, 2011),
(213, 326, 9, 'B', 24, 2, 2011),
(212, 325, 9, 'B', 24, 2, 2011),
(211, 324, 9, 'H', 24, 2, 2011),
(210, 323, 9, 'H', 24, 2, 2011),
(209, 322, 9, 'H', 24, 2, 2011),
(208, 321, 9, 'H', 24, 2, 2011),
(207, 320, 9, 'H', 24, 2, 2011),
(206, 319, 9, 'D', 24, 2, 2011),
(205, 318, 9, 'D', 24, 2, 2011),
(204, 317, 9, 'D', 24, 2, 2011),
(203, 316, 9, 'D', 24, 2, 2011),
(202, 315, 9, 'SK', 24, 2, 2011),
(201, 314, 9, 'SK', 24, 2, 2011),
(200, 313, 9, 'SK', 24, 2, 2011),
(199, 312, 9, 'SK', 24, 2, 2011),
(238, 1, 1, 'SK', 26, 2, 2011),
(239, 2, 1, 'SK', 26, 2, 2011),
(240, 3, 1, 'SK', 26, 2, 2011),
(241, 4, 1, 'SK', 26, 2, 2011),
(242, 5, 1, 'SK', 26, 2, 2011),
(243, 6, 1, 'SK', 26, 2, 2011),
(244, 7, 1, 'SK', 26, 2, 2011),
(245, 8, 1, 'SK', 26, 2, 2011),
(246, 9, 1, 'SK', 26, 2, 2011),
(247, 10, 1, 'SK', 26, 2, 2011),
(248, 11, 1, 'SK', 26, 2, 2011),
(249, 12, 1, 'SK', 26, 2, 2011),
(250, 13, 1, 'SK', 26, 2, 2011),
(251, 14, 1, 'SK', 26, 2, 2011),
(252, 15, 1, 'SK', 26, 2, 2011),
(253, 16, 1, 'SK', 26, 2, 2011),
(254, 17, 1, 'SK', 26, 2, 2011),
(255, 18, 1, 'SK', 26, 2, 2011),
(256, 19, 1, 'SK', 26, 2, 2011),
(257, 20, 1, 'SK', 26, 2, 2011),
(258, 21, 1, 'SK', 26, 2, 2011),
(259, 22, 1, 'SK', 26, 2, 2011),
(260, 23, 1, 'SK', 26, 2, 2011),
(261, 24, 1, 'SK', 26, 2, 2011),
(262, 25, 1, 'SK', 26, 2, 2011),
(263, 26, 1, 'SK', 26, 2, 2011),
(264, 27, 1, 'SK', 26, 2, 2011),
(265, 28, 1, 'SK', 26, 2, 2011),
(266, 29, 1, 'SK', 26, 2, 2011),
(267, 30, 1, 'SK', 26, 2, 2011),
(268, 31, 1, 'SK', 26, 2, 2011),
(269, 32, 1, 'SK', 26, 2, 2011),
(270, 33, 1, 'SK', 26, 2, 2011),
(271, 34, 1, 'SK', 26, 2, 2011),
(272, 35, 1, 'SK', 26, 2, 2011),
(273, 36, 1, 'SK', 26, 2, 2011),
(274, 37, 1, 'SK', 26, 2, 2011),
(275, 38, 1, 'SK', 26, 2, 2011),
(276, 39, 1, 'SK', 26, 2, 2011),
(277, 40, 1, 'SK', 26, 2, 2011),
(278, 41, 1, 'SK', 26, 2, 2011),
(279, 42, 1, 'SK', 26, 2, 2011),
(280, 168, 5, 'SK', 26, 2, 2011),
(281, 169, 5, 'D', 26, 2, 2011),
(282, 170, 5, 'H', 26, 2, 2011),
(283, 171, 5, 'B', 26, 2, 2011),
(284, 172, 5, 'A', 26, 2, 2011),
(285, 173, 5, 'I', 26, 2, 2011),
(286, 174, 5, 'S', 26, 2, 2011),
(287, 175, 5, 'I', 26, 2, 2011),
(288, 176, 5, 'A', 26, 2, 2011),
(289, 177, 5, 'B', 26, 2, 2011),
(290, 178, 5, 'H', 26, 2, 2011),
(291, 179, 5, 'D', 26, 2, 2011),
(292, 180, 5, 'SK', 26, 2, 2011),
(293, 181, 5, 'D', 26, 2, 2011),
(294, 182, 5, 'H', 26, 2, 2011),
(295, 183, 5, 'B', 26, 2, 2011),
(296, 184, 5, 'A', 26, 2, 2011),
(297, 185, 5, 'I', 26, 2, 2011),
(298, 186, 5, 'S', 26, 2, 2011),
(299, 187, 5, 'I', 26, 2, 2011),
(300, 188, 5, 'A', 26, 2, 2011),
(301, 189, 5, 'B', 26, 2, 2011),
(302, 190, 5, 'H', 26, 2, 2011),
(303, 191, 5, 'D', 26, 2, 2011),
(304, 192, 5, 'SK', 26, 2, 2011),
(305, 193, 5, 'D', 26, 2, 2011),
(306, 194, 5, 'H', 26, 2, 2011),
(307, 195, 5, 'B', 26, 2, 2011),
(308, 196, 5, 'A', 26, 2, 2011),
(309, 197, 5, 'I', 26, 2, 2011),
(310, 198, 5, 'S', 26, 2, 2011),
(311, 199, 5, 'I', 26, 2, 2011),
(312, 200, 5, 'A', 26, 2, 2011),
(313, 201, 5, 'B', 26, 2, 2011),
(314, 202, 5, 'H', 26, 2, 2011),
(315, 203, 5, 'D', 26, 2, 2011),
(316, 204, 5, 'SK', 26, 2, 2011),
(317, 205, 5, 'D', 26, 2, 2011),
(318, 206, 5, 'H', 26, 2, 2011),
(319, 207, 5, 'B', 26, 2, 2011),
(320, 208, 5, 'A', 26, 2, 2011),
(321, 244, 7, 'SK', 28, 2, 2011),
(322, 245, 7, 'H', 28, 2, 2011),
(323, 246, 7, 'H', 28, 2, 2011),
(324, 247, 7, 'SK', 28, 2, 2011),
(325, 248, 7, 'SK', 28, 2, 2011),
(326, 249, 7, 'SK', 28, 2, 2011),
(327, 250, 7, 'SK', 28, 2, 2011),
(328, 251, 7, 'SK', 28, 2, 2011),
(329, 252, 7, 'SK', 28, 2, 2011),
(330, 253, 7, 'SK', 28, 2, 2011),
(331, 254, 7, 'SK', 28, 2, 2011),
(332, 255, 7, 'SK', 28, 2, 2011),
(333, 256, 7, 'SK', 28, 2, 2011),
(334, 257, 7, 'SK', 28, 2, 2011),
(335, 258, 7, 'SK', 28, 2, 2011),
(336, 259, 7, 'SK', 28, 2, 2011),
(337, 260, 7, 'SK', 28, 2, 2011),
(338, 261, 7, 'SK', 28, 2, 2011),
(339, 262, 7, 'SK', 28, 2, 2011),
(340, 263, 7, 'SK', 28, 2, 2011),
(341, 264, 7, 'SK', 28, 2, 2011),
(342, 265, 7, 'SK', 28, 2, 2011),
(343, 266, 7, 'SK', 28, 2, 2011),
(344, 267, 7, 'SK', 28, 2, 2011),
(345, 268, 7, 'SK', 28, 2, 2011),
(346, 269, 7, 'SK', 28, 2, 2011),
(347, 270, 7, 'SK', 28, 2, 2011),
(348, 271, 7, 'SK', 28, 2, 2011),
(349, 272, 7, 'SK', 28, 2, 2011),
(350, 273, 7, 'SK', 28, 2, 2011),
(351, 274, 7, 'SK', 28, 2, 2011),
(352, 275, 7, 'SK', 28, 2, 2011),
(353, 276, 7, 'SK', 28, 2, 2011),
(354, 277, 7, 'SK', 28, 2, 2011),
(355, 278, 7, 'SK', 28, 2, 2011),
(356, 520, 16, 'H', 1, 3, 2011),
(357, 521, 16, 'B', 1, 3, 2011),
(358, 522, 16, 'D', 1, 3, 2011),
(359, 523, 16, 'SK', 1, 3, 2011),
(360, 524, 16, 'SK', 1, 3, 2011),
(361, 525, 16, 'SK', 1, 3, 2011),
(362, 526, 16, 'SK', 1, 3, 2011),
(363, 527, 16, 'SK', 1, 3, 2011),
(364, 528, 16, 'SK', 1, 3, 2011),
(365, 529, 16, 'SK', 1, 3, 2011),
(366, 530, 16, 'SK', 1, 3, 2011),
(367, 531, 16, 'SK', 1, 3, 2011),
(368, 532, 16, 'SK', 1, 3, 2011),
(369, 533, 16, 'SK', 1, 3, 2011),
(370, 534, 16, 'SK', 1, 3, 2011),
(371, 535, 16, 'SK', 1, 3, 2011),
(372, 536, 16, 'SK', 1, 3, 2011),
(373, 537, 16, 'SK', 1, 3, 2011),
(374, 538, 16, 'SK', 1, 3, 2011),
(375, 539, 16, 'SK', 1, 3, 2011),
(376, 540, 16, 'SK', 1, 3, 2011),
(377, 541, 16, 'SK', 1, 3, 2011),
(378, 542, 16, 'SK', 1, 3, 2011),
(379, 543, 16, 'SK', 1, 3, 2011),
(380, 544, 16, 'SK', 1, 3, 2011),
(381, 545, 16, 'SK', 1, 3, 2011),
(382, 546, 16, 'SK', 1, 3, 2011),
(383, 547, 16, 'SK', 1, 3, 2011),
(384, 548, 16, 'SK', 1, 3, 2011),
(385, 549, 16, 'SK', 1, 3, 2011),
(386, 550, 16, 'SK', 1, 3, 2011),
(387, 551, 16, 'SK', 1, 3, 2011),
(388, 552, 16, 'SK', 1, 3, 2011),
(389, 553, 16, 'SK', 1, 3, 2011),
(390, 554, 16, 'SK', 1, 3, 2011),
(391, 555, 16, 'SK', 1, 3, 2011),
(392, 556, 16, 'SK', 1, 3, 2011),
(393, 557, 16, 'SK', 1, 3, 2011),
(567, 3, 1, 'H', 21, 2, 2015),
(566, 2, 1, 'H', 21, 2, 2015),
(565, 1, 1, 'H', 21, 2, 2015),
(564, 42, 1, 'S', 20, 2, 2015),
(563, 41, 1, 'H', 20, 2, 2015),
(562, 40, 1, 'H', 20, 2, 2015),
(561, 39, 1, 'H', 20, 2, 2015),
(560, 38, 1, 'H', 20, 2, 2015),
(559, 37, 1, 'H', 20, 2, 2015),
(558, 36, 1, 'H', 20, 2, 2015),
(557, 35, 1, 'H', 20, 2, 2015),
(556, 34, 1, 'H', 20, 2, 2015),
(555, 33, 1, 'H', 20, 2, 2015),
(554, 32, 1, 'H', 20, 2, 2015),
(553, 31, 1, 'H', 20, 2, 2015),
(552, 30, 1, 'H', 20, 2, 2015),
(551, 29, 1, 'H', 20, 2, 2015),
(550, 28, 1, 'H', 20, 2, 2015),
(549, 27, 1, 'H', 20, 2, 2015),
(548, 26, 1, 'H', 20, 2, 2015),
(547, 25, 1, 'H', 20, 2, 2015),
(546, 24, 1, 'H', 20, 2, 2015),
(545, 23, 1, 'H', 20, 2, 2015),
(544, 22, 1, 'H', 20, 2, 2015),
(543, 21, 1, 'H', 20, 2, 2015),
(542, 20, 1, 'H', 20, 2, 2015),
(541, 19, 1, 'H', 20, 2, 2015),
(540, 18, 1, 'H', 20, 2, 2015),
(539, 17, 1, 'H', 20, 2, 2015),
(538, 16, 1, 'H', 20, 2, 2015),
(537, 15, 1, 'H', 20, 2, 2015),
(536, 14, 1, 'H', 20, 2, 2015),
(535, 13, 1, 'H', 20, 2, 2015),
(534, 12, 1, 'H', 20, 2, 2015),
(533, 11, 1, 'H', 20, 2, 2015),
(532, 10, 1, 'H', 20, 2, 2015),
(531, 9, 1, 'H', 20, 2, 2015),
(530, 8, 1, 'H', 20, 2, 2015),
(529, 7, 1, 'H', 20, 2, 2015),
(528, 6, 1, 'H', 20, 2, 2015),
(527, 5, 1, 'H', 20, 2, 2015),
(526, 4, 1, 'H', 20, 2, 2015),
(525, 3, 1, 'H', 20, 2, 2015),
(524, 2, 1, 'H', 20, 2, 2015),
(607, 1, 1, 'I', 24, 2, 2015),
(568, 4, 1, 'H', 21, 2, 2015),
(569, 5, 1, 'H', 21, 2, 2015),
(570, 6, 1, 'H', 21, 2, 2015),
(571, 7, 1, 'H', 21, 2, 2015),
(572, 8, 1, 'H', 21, 2, 2015),
(573, 9, 1, 'H', 21, 2, 2015),
(574, 10, 1, 'H', 21, 2, 2015),
(575, 11, 1, 'H', 21, 2, 2015),
(576, 12, 1, 'H', 21, 2, 2015),
(577, 13, 1, 'H', 21, 2, 2015),
(578, 14, 1, 'H', 21, 2, 2015),
(579, 15, 1, 'H', 21, 2, 2015),
(580, 16, 1, 'H', 21, 2, 2015),
(581, 17, 1, 'H', 21, 2, 2015),
(582, 18, 1, 'H', 21, 2, 2015),
(583, 19, 1, 'H', 21, 2, 2015),
(584, 20, 1, 'H', 21, 2, 2015),
(585, 21, 1, 'H', 21, 2, 2015),
(586, 22, 1, 'H', 21, 2, 2015),
(587, 23, 1, 'H', 21, 2, 2015),
(588, 24, 1, 'H', 21, 2, 2015),
(589, 25, 1, 'H', 21, 2, 2015),
(590, 26, 1, 'H', 21, 2, 2015),
(591, 27, 1, 'H', 21, 2, 2015),
(592, 28, 1, 'H', 21, 2, 2015),
(593, 29, 1, 'H', 21, 2, 2015),
(594, 30, 1, 'H', 21, 2, 2015),
(595, 31, 1, 'H', 21, 2, 2015),
(596, 32, 1, 'H', 21, 2, 2015),
(597, 33, 1, 'H', 21, 2, 2015),
(598, 34, 1, 'H', 21, 2, 2015),
(599, 35, 1, 'H', 21, 2, 2015),
(600, 36, 1, 'H', 21, 2, 2015),
(601, 37, 1, 'H', 21, 2, 2015),
(602, 38, 1, 'H', 21, 2, 2015),
(603, 39, 1, 'H', 21, 2, 2015),
(604, 40, 1, 'H', 21, 2, 2015),
(605, 41, 1, 'H', 21, 2, 2015),
(606, 42, 1, 'H', 21, 2, 2015),
(608, 2, 1, 'H', 24, 2, 2015),
(609, 3, 1, 'H', 24, 2, 2015),
(610, 4, 1, 'H', 24, 2, 2015),
(611, 5, 1, 'H', 24, 2, 2015),
(612, 6, 1, 'H', 24, 2, 2015),
(613, 7, 1, 'H', 24, 2, 2015),
(614, 8, 1, 'H', 24, 2, 2015),
(615, 9, 1, 'H', 24, 2, 2015),
(616, 10, 1, 'H', 24, 2, 2015),
(617, 11, 1, 'H', 24, 2, 2015),
(618, 12, 1, 'H', 24, 2, 2015),
(619, 13, 1, 'H', 24, 2, 2015),
(620, 14, 1, 'H', 24, 2, 2015),
(621, 15, 1, 'H', 24, 2, 2015),
(622, 16, 1, 'H', 24, 2, 2015),
(623, 17, 1, 'H', 24, 2, 2015),
(624, 18, 1, 'H', 24, 2, 2015),
(625, 19, 1, 'H', 24, 2, 2015),
(626, 20, 1, 'H', 24, 2, 2015),
(627, 21, 1, 'H', 24, 2, 2015),
(628, 22, 1, 'H', 24, 2, 2015),
(629, 23, 1, 'H', 24, 2, 2015),
(630, 24, 1, 'H', 24, 2, 2015),
(631, 25, 1, 'H', 24, 2, 2015),
(632, 26, 1, 'H', 24, 2, 2015),
(633, 27, 1, 'H', 24, 2, 2015),
(634, 28, 1, 'H', 24, 2, 2015),
(635, 29, 1, 'H', 24, 2, 2015),
(636, 30, 1, 'H', 24, 2, 2015),
(637, 31, 1, 'H', 24, 2, 2015),
(638, 32, 1, 'H', 24, 2, 2015),
(639, 33, 1, 'H', 24, 2, 2015),
(640, 34, 1, 'H', 24, 2, 2015),
(641, 35, 1, 'H', 24, 2, 2015),
(642, 36, 1, 'H', 24, 2, 2015),
(643, 37, 1, 'H', 24, 2, 2015),
(644, 38, 1, 'H', 24, 2, 2015),
(645, 39, 1, 'H', 24, 2, 2015),
(646, 40, 1, 'H', 24, 2, 2015),
(647, 41, 1, 'H', 24, 2, 2015),
(648, 42, 1, 'H', 24, 2, 2015),
(649, 1, 1, 'I', 25, 2, 2015),
(650, 2, 1, 'H', 25, 2, 2015),
(651, 3, 1, 'H', 25, 2, 2015),
(652, 4, 1, 'H', 25, 2, 2015),
(653, 5, 1, 'H', 25, 2, 2015),
(654, 6, 1, 'H', 25, 2, 2015),
(655, 7, 1, 'H', 25, 2, 2015),
(656, 8, 1, 'H', 25, 2, 2015),
(657, 9, 1, 'H', 25, 2, 2015),
(658, 10, 1, 'H', 25, 2, 2015),
(659, 11, 1, 'H', 25, 2, 2015),
(660, 12, 1, 'H', 25, 2, 2015),
(661, 13, 1, 'H', 25, 2, 2015),
(662, 14, 1, 'H', 25, 2, 2015),
(663, 15, 1, 'H', 25, 2, 2015),
(664, 16, 1, 'H', 25, 2, 2015),
(665, 17, 1, 'H', 25, 2, 2015),
(666, 18, 1, 'H', 25, 2, 2015),
(667, 19, 1, 'H', 25, 2, 2015),
(668, 20, 1, 'H', 25, 2, 2015),
(669, 21, 1, 'H', 25, 2, 2015),
(670, 22, 1, 'H', 25, 2, 2015),
(671, 23, 1, 'H', 25, 2, 2015),
(672, 24, 1, 'H', 25, 2, 2015),
(673, 25, 1, 'H', 25, 2, 2015),
(674, 26, 1, 'H', 25, 2, 2015),
(675, 27, 1, 'H', 25, 2, 2015),
(676, 28, 1, 'H', 25, 2, 2015),
(677, 29, 1, 'H', 25, 2, 2015),
(678, 30, 1, 'H', 25, 2, 2015),
(679, 31, 1, 'H', 25, 2, 2015),
(680, 32, 1, 'H', 25, 2, 2015),
(681, 33, 1, 'H', 25, 2, 2015),
(682, 34, 1, 'H', 25, 2, 2015),
(683, 35, 1, 'H', 25, 2, 2015),
(684, 36, 1, 'H', 25, 2, 2015),
(685, 37, 1, 'H', 25, 2, 2015),
(686, 38, 1, 'H', 25, 2, 2015),
(687, 39, 1, 'H', 25, 2, 2015),
(688, 40, 1, 'H', 25, 2, 2015),
(689, 41, 1, 'H', 25, 2, 2015),
(690, 42, 1, 'H', 25, 2, 2015),
(691, 1, 1, 'I', 4, 3, 2015),
(692, 2, 1, 'H', 4, 3, 2015),
(693, 3, 1, 'H', 4, 3, 2015),
(694, 4, 1, 'H', 4, 3, 2015),
(695, 5, 1, 'H', 4, 3, 2015),
(696, 6, 1, 'H', 4, 3, 2015),
(697, 7, 1, 'H', 4, 3, 2015),
(698, 8, 1, 'H', 4, 3, 2015),
(699, 9, 1, 'H', 4, 3, 2015),
(700, 10, 1, 'H', 4, 3, 2015),
(701, 11, 1, 'H', 4, 3, 2015),
(702, 12, 1, 'H', 4, 3, 2015),
(703, 13, 1, 'H', 4, 3, 2015),
(704, 14, 1, 'H', 4, 3, 2015),
(705, 15, 1, 'H', 4, 3, 2015),
(706, 16, 1, 'H', 4, 3, 2015),
(707, 17, 1, 'H', 4, 3, 2015),
(708, 18, 1, 'H', 4, 3, 2015),
(709, 19, 1, 'H', 4, 3, 2015),
(710, 20, 1, 'H', 4, 3, 2015),
(711, 21, 1, 'H', 4, 3, 2015),
(712, 22, 1, 'H', 4, 3, 2015),
(713, 23, 1, 'H', 4, 3, 2015),
(714, 24, 1, 'H', 4, 3, 2015),
(715, 25, 1, 'H', 4, 3, 2015),
(716, 26, 1, 'H', 4, 3, 2015),
(717, 27, 1, 'H', 4, 3, 2015),
(718, 28, 1, 'H', 4, 3, 2015),
(719, 29, 1, 'H', 4, 3, 2015),
(720, 30, 1, 'H', 4, 3, 2015),
(721, 31, 1, 'H', 4, 3, 2015),
(722, 32, 1, 'H', 4, 3, 2015),
(723, 33, 1, 'H', 4, 3, 2015),
(724, 34, 1, 'H', 4, 3, 2015),
(725, 35, 1, 'H', 4, 3, 2015),
(726, 36, 1, 'H', 4, 3, 2015),
(727, 37, 1, 'H', 4, 3, 2015),
(728, 38, 1, 'H', 4, 3, 2015),
(729, 39, 1, 'H', 4, 3, 2015),
(730, 40, 1, 'H', 4, 3, 2015),
(731, 41, 1, 'H', 4, 3, 2015),
(732, 42, 1, 'H', 4, 3, 2015),
(733, 1, 1, 'S', 17, 4, 2015),
(734, 2, 1, 'S', 17, 4, 2015),
(735, 3, 1, 'S', 17, 4, 2015),
(736, 4, 1, 'H', 17, 4, 2015),
(737, 5, 1, 'H', 17, 4, 2015),
(738, 6, 1, 'H', 17, 4, 2015),
(739, 7, 1, 'H', 17, 4, 2015),
(740, 8, 1, 'H', 17, 4, 2015),
(741, 9, 1, 'H', 17, 4, 2015),
(742, 10, 1, 'H', 17, 4, 2015),
(743, 11, 1, 'H', 17, 4, 2015),
(744, 12, 1, 'H', 17, 4, 2015),
(745, 13, 1, 'H', 17, 4, 2015),
(746, 14, 1, 'H', 17, 4, 2015),
(747, 15, 1, 'H', 17, 4, 2015),
(748, 16, 1, 'H', 17, 4, 2015),
(749, 17, 1, 'H', 17, 4, 2015),
(750, 18, 1, 'H', 17, 4, 2015),
(751, 19, 1, 'H', 17, 4, 2015),
(752, 20, 1, 'H', 17, 4, 2015),
(753, 21, 1, 'H', 17, 4, 2015),
(754, 22, 1, 'H', 17, 4, 2015),
(755, 23, 1, 'H', 17, 4, 2015),
(756, 24, 1, 'H', 17, 4, 2015),
(757, 25, 1, 'H', 17, 4, 2015),
(758, 26, 1, 'H', 17, 4, 2015),
(759, 27, 1, 'H', 17, 4, 2015),
(760, 28, 1, 'H', 17, 4, 2015),
(761, 29, 1, 'H', 17, 4, 2015),
(762, 30, 1, 'H', 17, 4, 2015),
(763, 31, 1, 'H', 17, 4, 2015),
(764, 32, 1, 'H', 17, 4, 2015),
(765, 33, 1, 'H', 17, 4, 2015),
(766, 34, 1, 'H', 17, 4, 2015),
(767, 35, 1, 'H', 17, 4, 2015),
(768, 36, 1, 'H', 17, 4, 2015),
(769, 37, 1, 'H', 17, 4, 2015),
(770, 38, 1, 'H', 17, 4, 2015),
(771, 39, 1, 'H', 17, 4, 2015),
(772, 40, 1, 'H', 17, 4, 2015),
(773, 41, 1, 'H', 17, 4, 2015),
(774, 42, 1, 'H', 17, 4, 2015),
(775, 1, 1, 'H', 19, 4, 2015),
(776, 2, 1, 'H', 19, 4, 2015),
(777, 3, 1, 'H', 19, 4, 2015),
(778, 4, 1, 'H', 19, 4, 2015),
(779, 5, 1, 'H', 19, 4, 2015),
(780, 6, 1, 'H', 19, 4, 2015),
(781, 7, 1, 'H', 19, 4, 2015),
(782, 8, 1, 'H', 19, 4, 2015),
(783, 9, 1, 'H', 19, 4, 2015),
(784, 10, 1, 'H', 19, 4, 2015),
(785, 11, 1, 'H', 19, 4, 2015),
(786, 12, 1, 'D', 19, 4, 2015),
(787, 13, 1, 'H', 19, 4, 2015),
(788, 14, 1, 'H', 19, 4, 2015),
(789, 15, 1, 'H', 19, 4, 2015),
(790, 16, 1, 'H', 19, 4, 2015),
(791, 17, 1, 'B', 19, 4, 2015),
(792, 18, 1, 'H', 19, 4, 2015),
(793, 19, 1, 'H', 19, 4, 2015),
(794, 20, 1, 'H', 19, 4, 2015),
(795, 21, 1, 'H', 19, 4, 2015),
(796, 22, 1, 'H', 19, 4, 2015),
(797, 23, 1, 'H', 19, 4, 2015),
(798, 24, 1, 'H', 19, 4, 2015),
(799, 25, 1, 'H', 19, 4, 2015),
(800, 26, 1, 'H', 19, 4, 2015),
(801, 27, 1, 'B', 19, 4, 2015),
(802, 28, 1, 'H', 19, 4, 2015),
(803, 29, 1, 'H', 19, 4, 2015),
(804, 30, 1, 'B', 19, 4, 2015),
(805, 31, 1, 'B', 19, 4, 2015),
(806, 32, 1, 'B', 19, 4, 2015),
(807, 33, 1, 'B', 19, 4, 2015),
(808, 34, 1, 'H', 19, 4, 2015),
(809, 35, 1, 'H', 19, 4, 2015),
(810, 36, 1, 'H', 19, 4, 2015),
(811, 37, 1, 'H', 19, 4, 2015),
(812, 38, 1, 'H', 19, 4, 2015),
(813, 39, 1, 'H', 19, 4, 2015),
(814, 40, 1, 'H', 19, 4, 2015),
(815, 41, 1, 'H', 19, 4, 2015),
(816, 42, 1, 'H', 19, 4, 2015),
(817, 571, 1, 'H', 19, 4, 2015),
(818, 210, 6, 'B', 20, 4, 2015),
(819, 211, 6, 'B', 20, 4, 2015),
(820, 212, 6, 'B', 20, 4, 2015),
(821, 213, 6, 'H', 20, 4, 2015),
(822, 209, 6, 'H', 20, 4, 2015),
(823, 214, 6, 'H', 20, 4, 2015),
(824, 215, 6, 'H', 20, 4, 2015),
(825, 216, 6, 'H', 20, 4, 2015),
(826, 217, 6, 'H', 20, 4, 2015),
(827, 218, 6, 'H', 20, 4, 2015),
(828, 219, 6, 'H', 20, 4, 2015),
(829, 220, 6, 'H', 20, 4, 2015),
(830, 221, 6, 'H', 20, 4, 2015),
(831, 222, 6, 'H', 20, 4, 2015),
(832, 223, 6, 'H', 20, 4, 2015),
(833, 224, 6, 'H', 20, 4, 2015),
(834, 225, 6, 'H', 20, 4, 2015),
(835, 226, 6, 'H', 20, 4, 2015),
(836, 227, 6, 'H', 20, 4, 2015),
(837, 228, 6, 'H', 20, 4, 2015),
(838, 229, 6, 'H', 20, 4, 2015),
(839, 230, 6, 'H', 20, 4, 2015),
(840, 231, 6, 'H', 20, 4, 2015),
(841, 232, 6, 'H', 20, 4, 2015),
(842, 233, 6, 'H', 20, 4, 2015),
(843, 234, 6, 'H', 20, 4, 2015),
(844, 235, 6, 'H', 20, 4, 2015),
(845, 236, 6, 'H', 20, 4, 2015),
(846, 237, 6, 'H', 20, 4, 2015),
(847, 238, 6, 'H', 20, 4, 2015),
(848, 239, 6, 'H', 20, 4, 2015),
(849, 240, 6, 'H', 20, 4, 2015),
(850, 241, 6, 'H', 20, 4, 2015),
(851, 242, 6, 'H', 20, 4, 2015),
(852, 243, 6, 'H', 20, 4, 2015),
(853, 1, 1, 'H', 20, 4, 2015),
(854, 2, 1, 'H', 20, 4, 2015),
(855, 3, 1, 'H', 20, 4, 2015),
(856, 4, 1, 'H', 20, 4, 2015),
(857, 5, 1, 'H', 20, 4, 2015),
(858, 6, 1, 'H', 20, 4, 2015),
(859, 7, 1, 'H', 20, 4, 2015),
(860, 8, 1, 'H', 20, 4, 2015),
(861, 9, 1, 'H', 20, 4, 2015),
(862, 10, 1, 'H', 20, 4, 2015),
(863, 11, 1, 'H', 20, 4, 2015),
(864, 12, 1, 'H', 20, 4, 2015),
(865, 13, 1, 'H', 20, 4, 2015),
(866, 14, 1, 'H', 20, 4, 2015),
(867, 15, 1, 'H', 20, 4, 2015),
(868, 16, 1, 'H', 20, 4, 2015),
(869, 17, 1, 'H', 20, 4, 2015),
(870, 18, 1, 'H', 20, 4, 2015),
(871, 19, 1, 'H', 20, 4, 2015),
(872, 20, 1, 'H', 20, 4, 2015),
(873, 21, 1, 'H', 20, 4, 2015),
(874, 22, 1, 'H', 20, 4, 2015),
(875, 23, 1, 'H', 20, 4, 2015),
(876, 24, 1, 'H', 20, 4, 2015),
(877, 25, 1, 'H', 20, 4, 2015),
(878, 26, 1, 'H', 20, 4, 2015),
(879, 27, 1, 'H', 20, 4, 2015),
(880, 28, 1, 'H', 20, 4, 2015),
(881, 29, 1, 'H', 20, 4, 2015),
(882, 30, 1, 'H', 20, 4, 2015),
(883, 31, 1, 'H', 20, 4, 2015),
(884, 32, 1, 'H', 20, 4, 2015),
(885, 33, 1, 'H', 20, 4, 2015),
(886, 34, 1, 'H', 20, 4, 2015),
(887, 35, 1, 'H', 20, 4, 2015),
(888, 36, 1, 'H', 20, 4, 2015),
(889, 37, 1, 'H', 20, 4, 2015),
(890, 38, 1, 'H', 20, 4, 2015),
(891, 39, 1, 'H', 20, 4, 2015),
(892, 40, 1, 'H', 20, 4, 2015),
(893, 41, 1, 'B', 20, 4, 2015),
(894, 42, 1, 'A', 20, 4, 2015),
(895, 571, 1, 'D', 20, 4, 2015),
(896, 1, 1, 'I', 21, 4, 2015),
(897, 2, 1, 'H', 21, 4, 2015),
(898, 3, 1, 'H', 21, 4, 2015),
(899, 4, 1, 'H', 21, 4, 2015),
(900, 5, 1, 'H', 21, 4, 2015),
(901, 6, 1, 'H', 21, 4, 2015),
(902, 7, 1, 'H', 21, 4, 2015),
(903, 8, 1, 'H', 21, 4, 2015),
(904, 9, 1, 'H', 21, 4, 2015),
(905, 10, 1, 'H', 21, 4, 2015),
(906, 11, 1, 'H', 21, 4, 2015),
(907, 12, 1, 'H', 21, 4, 2015),
(908, 13, 1, 'H', 21, 4, 2015),
(909, 14, 1, 'H', 21, 4, 2015),
(910, 15, 1, 'H', 21, 4, 2015),
(911, 16, 1, 'H', 21, 4, 2015),
(912, 17, 1, 'H', 21, 4, 2015),
(913, 18, 1, 'H', 21, 4, 2015),
(914, 19, 1, 'H', 21, 4, 2015),
(915, 20, 1, 'H', 21, 4, 2015),
(916, 21, 1, 'H', 21, 4, 2015),
(917, 22, 1, 'H', 21, 4, 2015),
(918, 23, 1, 'H', 21, 4, 2015),
(919, 24, 1, 'H', 21, 4, 2015),
(920, 25, 1, 'H', 21, 4, 2015),
(921, 26, 1, 'H', 21, 4, 2015),
(922, 27, 1, 'H', 21, 4, 2015),
(923, 28, 1, 'H', 21, 4, 2015),
(924, 29, 1, 'H', 21, 4, 2015),
(925, 30, 1, 'H', 21, 4, 2015),
(926, 31, 1, 'H', 21, 4, 2015),
(927, 32, 1, 'H', 21, 4, 2015),
(928, 33, 1, 'H', 21, 4, 2015),
(929, 34, 1, 'H', 21, 4, 2015),
(930, 35, 1, 'H', 21, 4, 2015),
(931, 36, 1, 'H', 21, 4, 2015),
(932, 37, 1, 'H', 21, 4, 2015),
(933, 38, 1, 'H', 21, 4, 2015),
(934, 39, 1, 'H', 21, 4, 2015),
(935, 40, 1, 'H', 21, 4, 2015),
(936, 41, 1, 'B', 21, 4, 2015),
(937, 42, 1, 'A', 21, 4, 2015),
(938, 571, 1, 'A', 21, 4, 2015);

-- --------------------------------------------------------

--
-- Struktur dari tabel `tbl_agenda`
--

CREATE TABLE IF NOT EXISTS `tbl_agenda` (
  `id_agenda` int(5) NOT NULL AUTO_INCREMENT,
  `tema_agenda` varchar(200) NOT NULL,
  `slug_agenda` varchar(200) NOT NULL,
  `isi` text NOT NULL,
  `tgl_mulai` date NOT NULL,
  `tgl_selesai` date NOT NULL,
  `tgl_posting` date NOT NULL,
  `tempat` varchar(150) NOT NULL,
  `jam` varchar(50) NOT NULL,
  `keterangan` tinytext NOT NULL,
  PRIMARY KEY (`id_agenda`)
) ENGINE=MyISAM  DEFAULT CHARSET=latin1 AUTO_INCREMENT=9 ;

--
-- Dumping data untuk tabel `tbl_agenda`
--

INSERT INTO `tbl_agenda` (`id_agenda`, `tema_agenda`, `slug_agenda`, `isi`, `tgl_mulai`, `tgl_selesai`, `tgl_posting`, `tempat`, `jam`, `keterangan`) VALUES
(1, 'Penerimaan Raport Semester Ganjil Tahun Ajaran 2010-2011', 'penerimaan-raport-semester-ganjil-tahun-ajaran-2010-2011', '<p>Berakhirnya semester ganjil tahun pelajaran 2010-2011, ditandai dengan pembagian laporan hasil belajar.</p>\n', '2010-12-23', '2010-12-23', '2010-12-22', 'SMA Negeri 1 Wongsorejo', '07.30 WIB - 12.00 WIB', '<p>Untuk kelas XI dan XII, pembagian raport dimulai pukul 07.30 WIB. Sedangkan untuk kelas X pada pukul 09.00 WIB. Raport diambil oleh orang tua/wali murid masing-masing.</p>\n'),
(2, 'Peluncuran Website Resmi SMA Negeri 1 Wongsorejo', 'peluncuran-website-resmi-sma-negeri-1-wongsorejo', '<p>Peluncuran website resmi dari SMA Negeri 1 Wongsorejo, sebagai media informasi dan akademik online untuk pelayanan pendidikan yang lebih baik kepada siswa, orangtua, dan masyarakat pada umumnya semakin meningkat.</p>\n', '2010-12-23', '2010-12-24', '2010-12-22', 'SMA Negeri 1 Wongsorejo', '07.30 WIB - 12.00 WIB', '<p>-</p>\n'),
(3, 'Penyembelihan Hewan Kurban Idul Adha 2010', 'penyembelihan-hewan-kurban-idul-adha-2010', 'Idul Adha yang biasa disebut lebaran haji atapun lebaran kurban sangat identik dengan penyembelihan hewan kurban. SMA Negeri 1 Wongsorejo tahun ini juga melakukan penyembelihan hewan kurban. Yang rencananya akan dihadiri oleh guru-guru, siswa dan pengurus OSIS.', '2010-11-17', '2010-11-17', '2010-11-15', 'SMA Negeri 1 Wongsorejo', '07.30 WIB - 14.00 WIB', 'Dihadiri oleh guru-guru, siswa dan pengurus OSIS.s'),
(7, 'Perkemahan Sabtu Minggu', 'perkemahan-sabtu-minggu', '<p>Perkemahan Sabtu Minggu</p>\n', '2015-02-17', '2015-02-22', '2015-02-17', 'Sekolah', '17:00', '<p>Perkemahan Sabtu Minggu</p>\n');

-- --------------------------------------------------------

--
-- Struktur dari tabel `tbl_album_galeri`
--

CREATE TABLE IF NOT EXISTS `tbl_album_galeri` (
  `id_album` int(10) NOT NULL AUTO_INCREMENT,
  `nama_album` varchar(100) NOT NULL,
  PRIMARY KEY (`id_album`)
) ENGINE=MyISAM  DEFAULT CHARSET=latin1 AUTO_INCREMENT=14 ;

--
-- Dumping data untuk tabel `tbl_album_galeri`
--

INSERT INTO `tbl_album_galeri` (`id_album`, `nama_album`) VALUES
(1, 'Kegiatan Belajar Siswa-Siswi'),
(2, 'Hari Raya Kurban - Idul Adha 2010'),
(3, 'Kedatangan Tamu Asing'),
(5, 'Pemilu OSIS 2010-2011');

-- --------------------------------------------------------

--
-- Struktur dari tabel `tbl_berita`
--

CREATE TABLE IF NOT EXISTS `tbl_berita` (
  `id_berita` int(3) NOT NULL AUTO_INCREMENT,
  `judul_berita` varchar(100) NOT NULL,
  `slug_berita` varchar(200) NOT NULL,
  `isi` text NOT NULL,
  `gambar` varchar(100) NOT NULL,
  `tanggal` date NOT NULL,
  `waktu` time NOT NULL,
  `author` varchar(20) NOT NULL,
  `counter` int(3) NOT NULL,
  PRIMARY KEY (`id_berita`)
) ENGINE=MyISAM  DEFAULT CHARSET=latin1 AUTO_INCREMENT=45 ;

--
-- Dumping data untuk tabel `tbl_berita`
--

INSERT INTO `tbl_berita` (`id_berita`, `judul_berita`, `slug_berita`, `isi`, `gambar`, `tanggal`, `waktu`, `author`, `counter`) VALUES
(1, 'Corei3, Corei5, dan Corei7 Keluarga Baru Dari Intel', 'corei3-corei5-dan-corei7-keluarga-baru-dari-intel', 'Intel Core i7 is an Intel brand name for several families of desktop and laptop 64-bit x86-64 processors using the Nehalem microarchitecture that are. Intel Core i7 is an Intel brand name for several families of desktop and laptop 64-bit x86-64 processors using the Nehalem microarchitecture that are. Intel Core i7 is an Intel brand name for several families of desktop and laptop 64-bit x86-64 processors using the Nehalem microarchitecture that are. Intel Core i7 is an Intel brand name for several families of desktop and laptop 64-bit x86-64 processors using the Nehalem microarchitecture that are', 'core.png', '2010-07-24', '00:00:00', '', 9),
(2, 'iPhone Banyak Menuai Kecaman', 'iphone-banyak-menuai-kecaman', 'iPhone 4 is a GSM cell phone with a high-resolution display, FaceTime video calling, HD video recording, a 5-megapixel camera, and more.iPhone 4 is a GSM cell phone with a high-resolution display, FaceTime video calling, HD video recording, a 5-megapixel camera, and more.iPhone 4 is a GSM cell phone with a high-resolution display, FaceTime video calling, HD video recording, a 5-megapixel camera, and more.iPhone 4 is a GSM cell phone with a high-resolution display, FaceTime video calling, HD video recording, a 5-megapixel camera, and more.', 'iphone.png', '2010-07-24', '00:00:00', '', 8),
(3, 'Google Chrome Susupi Microsoft', 'google-chrome-susupi-microsoft', '<p>Browser Microsoft, Internet Explorer (IE), bisa mendominasi karena tersedia secara default pada banyak komputer di pasaran. Google Chrome akan menggoyang dengan menyusup di lahan yang sama. Google rupanya sudah bersiap-siap menawarkan Google Chrome secara default pada komputer-komputer baru. Pichai juga menjanjikan Chrome akan keluar dari versi Beta (uji coba) pada awal 2009. Jika Google berhasil menyusupkan Chrome dalam lahan yang selama ini jadi &#39;mainan&#39; Microsoft, lanskap perang browser akan mengalami perubahan. Saat ini Microsoft masih mendominasi pada kisaran 70 persen lewat Internet Explorer-nya, sedangkan Firefox menguasai sekitar 20 persen.</p>\n', '25chrome.jpg', '2010-07-25', '00:00:00', '', 5),
(4, 'Google "Panas", Microsoft Beli Yahoo???', 'google-panas-microsoft-beli-yahoo', 'Google menolak keras atas tindakan Microsoft yang mau membeli Yahoo. "Ini bukan hanya sekedar transaksi jual beli yang sederhana, suatu perusahaan mengambil perusahaan lainnya. Ini mengenai esensi dari internet yaitu keterbukaan dan inovasi". Komentar David Drummond (Google''s senior vice president for corporate development and chief legal officer).\r\n\r\nYahoo adalah salah satu perusahaan terbesar di internet, belakangan ini Yahoo mulai kehabisan akal untuk mengalahkan pendapatan Google. Google memulai karir di Internet melalui search-engine nya, kesukseskan teknologi tersebut membuat Google terus melakukan inovasi dan mengajak para developer untuk memajukan teknologi Internet, sampai akhirnya Yahoo pun membuat halaman khusus untuk para developer. David Drummond juga menuding kalau Microsoft ingin mengambil keuntungan yang tidak pantas dan melakukan tindakan ilegal melalui Internet. Microsoft mengumumkan pada hari jum''at kemarin (1 februari 2008) penawarannya kepada Yahoo sebesar USD 44.6 Milyar.\r\n\r\nKomite kongres akan melakukan sesi ''hearing'' pada minggu ini untuk menimbang apakah penawaran Microsoft terhadap Yahoo termasuk implikasi Antitrust.', 'yahoo.jpg', '2010-07-25', '00:00:00', '', 3),
(5, 'Browser Safari Diklaim Paling Handal di Windows', 'browser-safari-diklaim-paling-handal-di-windows', '<p>Dibandingkan browser Internet lainnya, Apple mengklaim browser web Safari buatannya adalah yang paling handal digunakan jika digunkan di atas sistem operasi Windows. Hal tersebut disampaikan CEO Apple Steve Jobs saat mengumumkan versi terbaru Safari yang dapat berjalan di Windows. &quot;Kami kira para pengguna Windows akan benar-benar terkejut saat melihat begitu cepat dan menariknya berselancar di Internet menggunakan Safari,&quot; ujar Steve Jobs di acara Worldwide Developer Conference Apple di San Fransisco, AS, Senin (11/6). Ia mengklaim browser Safari dapat membuka sebuah halaman web dua kali lebih cepat dibandingkan Internet Explorer 7 di Windows dan masih lebih cepat dibandingkan Opera maupun Firefox. Kehadiran Safari untuk para pengguna Windows akan semakin menyemarakkan persaingan browser web. Steve Jobs berharap peluncuran ini akan meningkatkan popularitas Safari yang baru mencapai 4,9 persen pangsa pasar browser web. Persaingan browser web saat ini masih didominasi IE dengan pangsa pasar 78 persen menyusul Firefox. Versi tes Safari 3 untuk Windows XP,</p>\n', '18safari.jpg', '2010-07-25', '00:00:00', '', 2),
(6, 'Digerus Firefox, IE Makin Melempem', 'digerus-firefox-ie-makin-melempem', '<p>Browser Mozilla Firefox sepertinya makin berkibar. Berdasarkan data terbaru dari biro penelitian Net Applications, Firefox menapak naik dengan menguasai 20,78 persen pangsa pasar browser pada bulan November, naik dari angka 19,97 persen di bulan Oktober. Dikutip detikINET dari Afterdawn, Selasa (2/1/2/2008), Firefox kemungkinan sukses menggaet user yang sebelumnya mengandalkan browser Internet Explorer (IE) besutan Microsoft. Pasalnya, masih menurut data Net Applications, pangsa pasar IE kini menurun di bawah 70 persen untuk kali pertama sejak tahun 1998. IE sekarang menguasai 69,8 persen pangsa pasar dari sebelumnya 71,3 persen di bulan Oktober. Padahal di masa jayanya di tahun 2003, IE pernah begitu dominan dengan menguasai 95 persen pasaran browser. Penurunan pangsa pasar IE ini disinyalir juga terkait musim liburan di AS di mana banyak perusahaan libur. Padahal browser IE banyak dipakai oleh kalangan perusahaan. Adapun produk browser lainnya menunjukkan tren peningkatan. Apple Safari kini punya pangsa 7,13 persen dan Google Chrome sebesar 0,83 persen dari yang sebelumnya 0,74 persen. Sementara pangsa pasar Opera mengalami penurunan dari yang sebelumnya 0,75 persen menjadi 0,71 persen saja.</p>\n', '47firefox.jpg', '2010-07-25', '00:00:00', '', 2),
(7, 'Foxconn Kembangkan Motherboard AMD', 'foxconn-kembangkan-motherboard-amd', '<p>JAKARTA - Produsen motherboard Foxconn Technology meluncurkan motherboard terbarunya, seri A88GM. Seri terbaru ini memiliki chipset terkini AMD 880G+SB850, mendukung platform DDR3 dan AM3, serta Phenom II X6 CPU yang hemat daya dan tangguh. Motherboard Foxconn seri A88GM dilengkapi dengan 100 persen kapasitor-kapasitor tunggal yang dirancang oleh perusahaan jepang terkemuka, yaitu Fujitsu. Dengan umur pakai rata-rata 50.000 jam, kapasitor tunggal ini memberikan kestabilan, daya tahan dan umur yang panjang yang sangat penting untuk memenuhi kebutuhan daya prosesor high-end dan komponen lain yang ada saat ini sangat diperuntukkan untuk penggunaan banyak aplikasi dan games. Selain itu, dalam keterangan resminya, Rabu (28/7/2010), dibandingkan dengan pembengkakan dan kebocoran kapasitor yang dapat merusak motherboard secara lengkap, adanya 100 persen kapasitor tunggal membuat tidak adanya komponen cair, sehingga tidak bocor atau dapat meledak. Sebagai tambahan, kemampuan mereka untuk mentolerir kondisi ekstrim dan ketahanan secara keseluruhan membuat mereka lebih cocok untuk lingkungan operasional yang ekstrim. Dalam rangka memenuhi kebutuhan konsumen dalam hal kenyamanan dan fitur lengkap multimedia, motherboard A88GM dilengkapi dengan berbagai macam pilihan konektivitas termasuk D-sub, juga digital video interface (DVI) untuk tampilan video digital dan High definition multimedia interface (HDMI) untuk video digital dan output audio guna membantu konsumen dalam memudahkan koneksi kabel. Berkat desain ini, konsumen dapat menikmati video berdefinisi tinggi dan audio pada saat yang sama untuk sepenuhnya memenuhi permintaan HD multimedia generasi berikutnya. Fitur lain yang ditemukan pada motherboard Foxconn A88GM adalah 4+1 Power Phases, desain ini menggabungkan kekuatan menjamin pengiriman lebih stabil dan dukungan cepat kepada CPU selama bekerja dalam beban berat atau overclocking. Selain itu, 1 phase untuk Northbridge dan 1 phase untuk memori memungkinkan pengguna untuk melakukan banyak tugas secara mendadak dengan performa yang lebih baik dan mengurangi konsumsi daya. Juga, desain thermalnya memungkinkan pengguna untuk menikmati masa pakai suatu komponen lebih lama melalui suhu yang lebih rendah dan tanpa bising dikombinasikan dengan kinerja thermal tertinggi pada chipset, komponen daya CPU dan PCB. (srn)</p>\n', 'foxcon.jpg', '2010-07-28', '16:13:00', '', 9),
(18, 'Agresif, AMD Mulai Kejar Nvidia XX', 'agresif-amd-mulai-kejar-nvidia-xx', '<p>Jakarta - Dominasi kubu hijau Nvidia dalam menggelontorkan produk-produk grafisnya, kini mendapat reaksi agresif dari AMD. Si kubu merah dilaporkan telah melampaui pengkapalan produk grafis Nvidia, selama kuartal dua 2010. Laporan yang dikutip detikINET dari Cnet, Jumat (30/7/2010) lalu mengatakan bahwa AMD lebih unggul 51 persen dalam pengkapalan produknya, dibanding Nvidia yang hanya 49 persen. Jika dibanding tahun lalu, jumlah ini begitu signifikan. Di tahun 2009 pada kuartal yang sama, posisi pun terbalik dengan kubu AMD yang hanya menguasai 41 persen pengkapalan produk-produknya, jika dibanding Nvidia. Keagresifan AMD membuat pertumbuhan grafis mereka meningkat 10 persen di tahun ini pada kuartal yang sama. Nvidia sendiri sedikit &#39;kelabakan&#39; dengan melesetnya prediksi mereka, bahwa sang kompetitor kini terasa lebih agresif. Sebagai informasi, AMD telah mengkapalkan setidaknya 16 juta kartu grafis DirectX 11 mereka sejak 9 bulan lalu. Perusahaan tersebut dipandang cukup sukses dengan menghadirkan grafis seri 5800.</p>\n', 'amd-ati.jpg', '2010-07-31', '01:21:18', '', 68),
(19, 'Ponsel Android Bisa Nyalakan Mobil  ', 'ponsel-android-bisa-nyalakan-mobil', '<p>Jakarta - Bertambah satu lagi daya tarik dari smartphone berbasis Android. Dengan sebuah aplikasi khusus, smartphone Android seperti Motorola Droid atau HTC Evo 4G bisa digunakan untuk menyalakan mesin mobil. Seperti diketahui, smartphone Android saat ini memang tengah naik daun dan menarik perhatian khalayak. Sebuah lelucon bahkan mengatakan, menggenggam smartphone Android dipercaya bisa membuat siapapun terlihat lebih menarik. Dengan kemampuan bisa menyalakan mobil, tentunya membuat smartphone Android dan penggunanya nampak lebih keren. Lalu bagaimana caranya agar smartphone bisa berfungsi untuk menyalakan mobil? Sangat mudah, pengguna hanya perlu mengunduh aplikasi Android gratis bernama Viper SmartStart dan menginstal beberapa hardware tambahan untuk melengkapi mobil. Dikutip detikINET dari TG Daily, Jumat (30/7/2010), jika sudah terpasang, aplikasi ini bisa digunakan untuk menyalakan atau mengontrol mobil secara virtual dari mana saja. Tak hanya itu, Viper SmartStart juga memungkinkan pengguna mengunci mobil, membuka bagasi dan mendapat peringatan bahaya jika terjadi sesuatu pada mobil, melalui ponsel mereka. Pengguna bahkan bisa mengontrol beberapa mobil dari satu smartphone.</p>\n', 'motorola-droid.jpg', '2010-07-31', '01:24:40', '', 8),
(20, 'Google Masih Mungkin Merilis Nexus Two', 'google-masih-mungkin-merilis-nexus-two', '<p>Jakarta - Beredar rumor, Google masih mungkin merilis ponsel mereka Nexus Two. Padahal, sebelumnya Eric Schmidt sang CEO Google jelas-jelas mengatakan takkan ada lagi lanjutan Nexus One. Rumor sedikit miring tersebut didapat detikINET dari Neowin, Jumat (30/7/2010). Berdasar sumber internal Google, Neowin mengatakan sebenarnya Google tengah membuat suksesor Nexus One yang disebut Nexus Two. Walau tak ada informasi detail mengenai hal ini, sang sumber mengatakan bulan depan ponsel tersebut bakal dirilis, dengan Android 3.0. Sementara beberapa saat lalu, Nexus One dipastikan tak akan punya penerus. CEO Google Eric Schmidt mengisyaratkan perusahaannya tak akan memproduksi Nexus Two. Bahkan Nexus One mungkin akan jadi satu-satunya ponsel yang dibuat Google. Schmidt berkilah bahwa produknya tersebut sudah sukses di pasaran dan perusahaannya tak perlu untuk membuat penerusnya.</p>\n', 'nexus-one.jpg', '2010-07-31', '01:26:20', '', 17),
(21, 'Pemilik iPad Kaya dan Egois?  ', 'pemilik-ipad-kaya-dan-egois', '<p>Jakarta - Sebuah studi yang dilakukan sebuah perusahaan di New Jersey, Amerika Serikat (AS) bernama MyType, menyimpulkan bahwa pemilik iPad merupakan sekelompok kalangan elit yang egois dan kurang ramah. Studi ini memang terdengar lucu dan mengada-mengada. Percaya atau tidak, yang jelas hasil survei MyType tersebut menyatakan pemilik iPad rata-rata enam kali lebih kaya ketimbang mereka yang tidak memiliki komputer tablet tersebut. Pernyataan tersebut nampaknya cukup masuk akal mengingat iPad memang tergolong produk premium. Maka tak heran jika ada yang beranggapan, iPad bisa meningkatkan gengsi pemiliknya. Survei ini juga menemukan bahwa pemilik iPad rata-rata kurang menyukai hal berbau seni dan musik melainkan lebih tertarik dengan video games, elektronik, sains, internet, finansial dan bisnis. &quot;Ciri-ciri tersebut cocok dengan karakter orang-orang egois yang pernah kami teliti sebelumnya. Orang-orang dengan ciri-ciri seperti itu enam kali lebih mungkin membeli iPad daripada orang rata-rata,&quot; kata CEO MyType Tim Koelkebeck seperti dikutip detikINET dari IT Pro Portal, Jumat (30/7/2010). MyType merupakan perusahaan software yang menciptakan aplikasi tes kepribadian di platform jejaring sosial seperti Facebook. Dalam survei ini, MyType menggunakan tes online berisi 50 pertanyaan yang berdasarkan fakta psikologis, serta teori dan riset modern.</p>\n', 'ipad-egois.jpg', '2010-07-31', '01:29:30', '', 14),
(22, 'Siapa Jawara Open Source Indonesia?  ', 'siapa-jawara-open-source-indonesia', '<p>Jakarta - Pemerintah, lewat Kementerian Pendayagunaan Aparatur Negara, telah meminta agar instansi pemerintah memanfaatkan piranti lunak Open Source pada 2011. Siapa yang paling jago? Akan terbukti dalam ajang bernama Indonesia Open Source Award (IOSA) 2010. IOSA 2010 akan digelar di Hotel Bidakara, Jakarta, pada Rabu, 28 Juli 2010. Seperti dikutip detikINET dari keterangan yang diterima, Selasa (27/7/2010), ajang tersebut juga akan digunakan untuk memantau kesiapan institusi pemerintahan untuk beralih ke Open Source. Acara tersebut diselenggarakan bersama-sama oleh Kementerian Komunikasi dan Informatika , Kementerian Riset dan Teknologi, Kementerian Pendayagunaan Aparatur Negara dan Reformasi Birokrasi, Asosiasi Open Source Indonesia (AOSI), serta Komunitas Open Source. Selain penganugerahan, acara itu juga akan menampilkan workshop dan seminar. Termasuk di dalamnya, workshop yang terkait industri kreatif seperti pemanfaatan GIMP dan Blender, maupun sistem operasi Android yang sedang naik daun. Sedangkan Seminarnya akan membahas topik kreativitas dengan memanfaatkan Open Source. Pembicara seperti Nukman Luthfie, Kak Seto hingga Indra Utoyo akan hadir di seminar tersebut.</p>\n', 'iosa-award.jpg', '2010-07-31', '01:35:18', '', 10),
(23, '2011, Lembaga Pemerintah Sudah Harus Cicipi Open Source', '2011-lembaga-pemerintah-sudah-harus-cicipi-open-source', 'Jakarta - Pemerintah kian memantapkan langkah untuk bermigrasi ke penggunaan software Open Source. Tahun 2011 dijadikan target titik baliknya. Pada saat itu, seluruh institusi pemerintah diharapkan sudah harus be legal, terutama berbasis Open Source.\r\n\r\nDemikian dikatakan Kemal Prihatman, Asisten Deputi Urusan Pengembangan dan Pemanfaatan TI Ristek dalam jumpa pers yang berlangsung di gedung BPPT, Jakarta, Kamis (5/6/2009).\r\n\r\nMenurutnya, target ini merupakan bagian dari isi surat edaran dari Menteri Pemberdayaan Aparatur Negara pada 5 April lalu yang isinya mewajibkan seluruh lembaga pemerintah untuk menggunakan software legal di seluruh jajarannya.\r\n\r\n"Namun kami dari Ristek dengan alasan efisiensi anggaran jelas menyarankan be legal dengan Open Source. Tak hanya sistem operasinya, tapi juga aplikasi pendukung lainnya," tegasnya.\r\n\r\nKemal memprediksi, jumlah komputer yang digunakan seluruh institusi pemerintah di seluruh Indonesia mencapai 800 ribu unit. Nah dari jumlah tersebut, ia tak berani memastikan bahwa seluruhnya sudah legal menggunakan software proprietary. "Mungkin sistem operasinya sudah legal tapi aplikasi yang lainnya belum," imbuhnya.\r\n\r\nRistek sendiri bersama dengan Asosiasi Open Source Indonesia (AOSI) pada tahun 2009 ini menargetkan akan membantu setidaknya 10 lembaga pemerintah untuk melakukan migrasi ke Open Source.\r\n\r\n"Kami lakukan secara bertahap, saat ini kita sedang membantu Depdiknas dan Kementerian PAN," tandasnya.', 'linux-tux.jpg', '2010-07-31', '01:37:28', '', 44),
(24, 'Unggah Video di YouTube Kini 15 Menit  ', 'unggah-video-di-youtube-kini-15-menit', '<p>Jakarta - Mengunggah video di YouTube akan semakin mengasyikkan. YouTube kini memperpanjang surasi video yang diunggah dari sepuluh menit menjadi 15 menit. Dalam postingan blognya, Joshua Siegel selaku product manager unggah dan pengaturan video YouTube menyebutkan, perpanjangan durasi video sudah lama menjadi permintaan sebagian besar pengguna YouTube. Langkah ini pun diambil YouTube karena yakin teknologi &#39;Content ID&#39; pada situsnya dapat bekerja baik. Content ID merupakan teknologi yang secara otomatis menghapus pelanggaran hak cipta oleh penyaringan secara digital melalui arsip di situs tersebut. &quot;Karena keberhasilan upaya teknologi yang sedang berlangsung, kami bisa meningkatkan batas durasi unggah video,&quot; tulis Siegel seperti dilansir eWeek, dan dikutip detikINET, Jumat (30/7/2010). YouTube, menurut Siegel, terutama mengalamatkan penambahan durasi ini pada kemampuan situsnya untuk melindungi hak cipta dari setiap video yang diunggah.</p>\n', 'MZ6X32pjnnGxZiOrLx9Z0KypUTMSHB.png', '2010-07-31', '01:40:18', 'Agus Cahyono', 14);

-- --------------------------------------------------------

--
-- Struktur dari tabel `tbl_data`
--

CREATE TABLE IF NOT EXISTS `tbl_data` (
  `id` int(11) NOT NULL AUTO_INCREMENT,
  `title` varchar(150) NOT NULL,
  `slug_data` varchar(200) NOT NULL,
  `content` text NOT NULL,
  `dibaca` int(5) NOT NULL,
  PRIMARY KEY (`id`)
) ENGINE=MyISAM  DEFAULT CHARSET=latin1 AUTO_INCREMENT=40 ;

-- --------------------------------------------------------

--
-- Struktur dari tabel `tbl_download`
--

CREATE TABLE IF NOT EXISTS `tbl_download` (
  `id_download` int(5) NOT NULL AUTO_INCREMENT,
  `judul_file` varchar(200) COLLATE latin1_general_ci NOT NULL,
  `nama_file` varchar(200) COLLATE latin1_general_ci NOT NULL,
  `tgl_posting` date NOT NULL,
  `didownload` int(5) NOT NULL,
  `author` varchar(20) COLLATE latin1_general_ci NOT NULL,
  PRIMARY KEY (`id_download`)
) ENGINE=MyISAM  DEFAULT CHARSET=latin1 COLLATE=latin1_general_ci AUTO_INCREMENT=23 ;

--
-- Dumping data untuk tabel `tbl_download`
--

INSERT INTO `tbl_download` (`id_download`, `judul_file`, `nama_file`, `tgl_posting`, `didownload`, `author`) VALUES
(21, 'Data Siswa Baru Tahun Akademik 2015/2016', 'qSTFgVT58MJEm527fpsdyvjvi.docx', '2015-04-18', 2, 'Agus Cahyono'),
(22, 'Materi Pembelajaran Matematika', 'dE2fm6NBwCPP9ez2gsL7IbZqP.jpg', '2015-04-21', 1, 'Agus Cahyono M.Pdi'),
(20, 'Cover Laporan Skripsi Agus Cahyono', 'hIr82BxX3sHWffxv7SzUoMpW2.pdf', '2015-04-18', 3, 'Agus Cahyono');

-- --------------------------------------------------------

--
-- Struktur dari tabel `tbl_galeri`
--

CREATE TABLE IF NOT EXISTS `tbl_galeri` (
  `id_foto` int(10) NOT NULL AUTO_INCREMENT,
  `id_album` int(10) NOT NULL,
  `foto_kecil` varchar(100) NOT NULL,
  `foto_besar` varchar(100) NOT NULL,
  PRIMARY KEY (`id_foto`)
) ENGINE=MyISAM  DEFAULT CHARSET=latin1 AUTO_INCREMENT=38 ;

--
-- Dumping data untuk tabel `tbl_galeri`
--

INSERT INTO `tbl_galeri` (`id_foto`, `id_album`, `foto_kecil`, `foto_besar`) VALUES
(1, 3, 'small-foto-1.jpg', 'big-foto-1.jpg'),
(2, 3, 'small-foto-2.jpg', 'big-foto-2.jpg'),
(3, 3, 'small-foto-3.jpg', 'big-foto-3.jpg'),
(4, 3, 'small-foto-4.jpg', 'big-foto-4.jpg'),
(5, 3, 'small-foto-5.jpg', 'big-foto-5.jpg'),
(6, 2, 'small-foto-6.jpg', 'big-foto-6.jpg'),
(7, 2, 'small-foto-7.jpg', 'big-foto-7.jpg'),
(8, 2, 'small-foto-8.jpg', 'big-foto-8.jpg'),
(9, 2, 'small-foto-9.jpg', 'big-foto-9.jpg'),
(10, 2, 'small-foto-10.jpg', 'big-foto-10.jpg'),
(11, 2, 'small-foto-11.jpg', 'big-foto-11.jpg'),
(12, 2, 'small-foto-12.jpg', 'big-foto-12.jpg'),
(13, 1, 'small-foto-13.jpg', 'big-foto-13.jpg'),
(14, 1, 'small-foto-14.jpg', 'big-foto-14.jpg'),
(15, 1, 'small-foto-15.jpg', 'big-foto-15.jpg'),
(16, 1, 'small-foto-16.jpg', 'big-foto-16.jpg'),
(17, 1, 'small-foto-17.jpg', 'big-foto-17.jpg'),
(18, 1, 'small-foto-18.jpg', 'big-foto-18.jpg'),
(19, 1, 'small-foto-19.jpg', 'big-foto-19.jpg'),
(20, 5, 'small-foto-20.jpg', 'big-foto-20.jpg'),
(21, 5, 'small-foto-21.jpg', 'big-foto-21.jpg'),
(22, 5, 'small-foto-22.jpg', 'big-foto-22.jpg'),
(26, 9, '6sHvA5BFnkpesada.png', '6sHvA5BFnkpesada.png');

-- --------------------------------------------------------

--
-- Struktur dari tabel `tbl_gambar`
--

CREATE TABLE IF NOT EXISTS `tbl_gambar` (
  `id_file` int(11) NOT NULL AUTO_INCREMENT,
  `title` varchar(100) NOT NULL,
  `image_description` varchar(100) NOT NULL,
  `image_url` varchar(100) NOT NULL,
  `file_type` varchar(10) NOT NULL,
  `image_size` varchar(20) NOT NULL,
  `uploaded_date` date NOT NULL,
  PRIMARY KEY (`id_file`)
) ENGINE=MyISAM  DEFAULT CHARSET=latin1 AUTO_INCREMENT=13 ;

--
-- Dumping data untuk tabel `tbl_gambar`
--

INSERT INTO `tbl_gambar` (`id_file`, `title`, `image_description`, `image_url`, `file_type`, `image_size`, `uploaded_date`) VALUES
(12, 'Penyerahan Buku ajar untuk peserta, Oleh Kepala Dinas Pendidikan Pemuda dan Olahraga & Ketua STIKOM', 'Workshop Linux', 'media/pdf/delpi.pdf', 'pdf', '0', '2011-02-23');

-- --------------------------------------------------------

--
-- Struktur dari tabel `tbl_halaman`
--

CREATE TABLE IF NOT EXISTS `tbl_halaman` (
  `id` int(11) NOT NULL AUTO_INCREMENT,
  `title` varchar(150) NOT NULL,
  `slug_data` varchar(200) NOT NULL,
  `content` text NOT NULL,
  `dibaca` int(5) NOT NULL,
  PRIMARY KEY (`id`)
) ENGINE=InnoDB  DEFAULT CHARSET=latin1 AUTO_INCREMENT=10 ;

--
-- Dumping data untuk tabel `tbl_halaman`
--

INSERT INTO `tbl_halaman` (`id`, `title`, `slug_data`, `content`, `dibaca`) VALUES
(5, 'Visi dan Misi Sekolah', 'visi-dan-misi-sekolah', 'Lorem Ipsum is simply dummy text of the printing and typesetting industry. Lorem Ipsum has been the industry''s standard dummy text ever since the 1500s, when an unknown printer took a galley of type and scrambled it to make a type specimen book. It has survived not only five centuries, but also the leap into electronic typesetting, remaining essentially unchanged. It was popularised in the 1960s with the release of Letraset sheets containing Lorem Ipsum passages, and more recently with desktop publishing software like Aldus PageMaker including versions of Lorem Ipsum.', 1),
(7, 'Sambutan Kepala Sekolah', 'sambutan-kepala-sekolah', '<p>Lorem Ipsum is simply dummy text of the printing and typesetting industry. Lorem Ipsum has been the industry&#39;s standard dummy text ever since the 1500s, when an unknown printer took a galley of type and scrambled it to make a type specimen book. It has survived not only five centuries, but also the leap into electronic typesetting, remaining essentially unchanged. It was popularised in the 1960s with the release of Letraset sheets containing Lorem Ipsum passages, and more recently with desktop publishing software like Aldus PageMaker including versions of Lorem Ipsum.</p>\n\n<p>&nbsp;</p>\n', 0),
(8, 'Profil Sekolah', 'profil-sekolah', '<p>Lorem Ipsum is simply dummy text of the printing and typesetting industry. Lorem Ipsum has been the industry&#39;s standard dummy text ever since the 1500s, when an unknown printer took a galley of type and scrambled it to make a type specimen book. It has survived not only five centuries, but also the leap into electronic typesetting, remaining essentially unchanged. It was popularised in the 1960s with the release of Letraset sheets containing Lorem Ipsum passages, and more recently with desktop publishing software like Aldus PageMaker including versions of Lorem Ipsum.</p>\n\n<p>&nbsp;</p>\n', 0),
(9, 'PSBO', 'psbo', '<p>Berikut informasi PSBO :</p>\n\n<p>-</p>\n\n<p>-</p>\n\n<p>-</p>\n', 0);

-- --------------------------------------------------------

--
-- Struktur dari tabel `tbl_jawabanpoll`
--

CREATE TABLE IF NOT EXISTS `tbl_jawabanpoll` (
  `id_jawaban_poll` int(3) NOT NULL AUTO_INCREMENT,
  `id_soal_poll` int(3) NOT NULL,
  `jawaban` varchar(100) COLLATE latin1_general_ci NOT NULL,
  `counter` int(5) NOT NULL,
  PRIMARY KEY (`id_jawaban_poll`)
) ENGINE=MyISAM  DEFAULT CHARSET=latin1 COLLATE=latin1_general_ci AUTO_INCREMENT=12 ;

--
-- Dumping data untuk tabel `tbl_jawabanpoll`
--

INSERT INTO `tbl_jawabanpoll` (`id_jawaban_poll`, `id_soal_poll`, `jawaban`, `counter`) VALUES
(1, 1, 'Jelek Banget', 0),
(2, 1, 'Cukup', 8),
(3, 1, 'Sangat Bagus', 11),
(4, 1, 'Tidak Tahu', 14);

-- --------------------------------------------------------

--
-- Struktur dari tabel `tbl_kelas`
--

CREATE TABLE IF NOT EXISTS `tbl_kelas` (
  `id_kelas` int(10) NOT NULL AUTO_INCREMENT,
  `nama_kelas` varchar(10) NOT NULL,
  `tahun_ajaran` varchar(15) NOT NULL,
  PRIMARY KEY (`id_kelas`)
) ENGINE=MyISAM  DEFAULT CHARSET=latin1 AUTO_INCREMENT=23 ;

--
-- Dumping data untuk tabel `tbl_kelas`
--

INSERT INTO `tbl_kelas` (`id_kelas`, `nama_kelas`, `tahun_ajaran`) VALUES
(1, 'X 1', '2010/2011'),
(2, 'X 2', '2010/2011'),
(3, 'X 3', '2010/2011'),
(4, 'X 4', '2010/2011'),
(5, 'X 5', '2010/2011'),
(6, 'XI IPA 1', '2010/2011'),
(7, 'XI IPA 2', '2010/2011'),
(8, 'XI IPA 3', '2010/2011'),
(9, 'XI IPS 2', '2010/2011'),
(11, 'XI IPS 1', '2010/2011'),
(12, 'XII IPA 1', '2010/2011'),
(13, 'XII IPA 2', '2010/2011'),
(14, 'XII IPA 3', '2010/2011'),
(15, 'XII IPS 1', '2010/2011'),
(16, 'XII IPS 2', '2010/2011');

-- --------------------------------------------------------

--
-- Struktur dari tabel `tbl_kepegawaian`
--

CREATE TABLE IF NOT EXISTS `tbl_kepegawaian` (
  `id_kepegawaian` int(10) NOT NULL AUTO_INCREMENT,
  `nip` varchar(50) NOT NULL,
  `nama_pegawai` varchar(100) NOT NULL,
  `kelahiran` varchar(150) NOT NULL,
  `matpel` varchar(100) NOT NULL,
  `jk` varchar(1) NOT NULL,
  `status` varchar(50) NOT NULL,
  `username` varchar(100) CHARACTER SET latin1 COLLATE latin1_general_ci NOT NULL,
  `password` varchar(100) NOT NULL,
  `remember_token` varchar(100) NOT NULL,
  PRIMARY KEY (`id_kepegawaian`)
) ENGINE=MyISAM  DEFAULT CHARSET=latin1 AUTO_INCREMENT=51 ;

--
-- Dumping data untuk tabel `tbl_kepegawaian`
--

INSERT INTO `tbl_kepegawaian` (`id_kepegawaian`, `nip`, `nama_pegawai`, `kelahiran`, `matpel`, `jk`, `status`, `username`, `password`, `remember_token`) VALUES
(1, '196412291989031011', 'Agus Cahyono M.Pdi', 'Lumajang, 13 Agustus 1992', 'PPKN', 'L', 'guru', 'agusagus', '$2y$10$7prhnpKCFLH7/at4bnp8OO/OrV.ObyaSXigf.v7pjBumwSjKLMGmS', 'pfg7nUjnZyAJvffHTzwVSd3nPt5oEPud9Y2EDZJvyaHshy3CpJ0JShsjPBi1'),
(2, '195704151985031017', 'Drs. Edi Suparnadi', 'Pamekasan, 15 April 1957', 'Ekonomi, Akuntansi', 'L', 'guru', 'edisuparnadi', '$2y$10$dm8Xt50A7GgcZkp9coVQZ.LlTr0PkpCgXPpTEpNq6AMeZyLBUe9yW', 'IisQlo82qSyJ2OS9UrNxjrg8klLpE1btrRJHaK9SRVhCXr5pAkHZqtLTzBv5'),
(3, '195910111983081003', 'Drs. Kuntohadi, M.Pd.I', 'Banyuwangi, 10 November 1959', 'Pend. Agama Islam', 'L', 'guru', 'kuntohadi', '145f7d3f9a14c17da71f58269a559f51', ''),
(4, '196604031997032002', 'Sri Purwanti', 'Klaten, 03 April 1966', 'Seni Tari', 'P', 'guru', 'sripurwanti', 'd99669c69d2010136c4f2939ec12e016', ''),
(5, '19660525199512002', 'Fransisco Maya, S.Pd', 'Timor-Timur, 25 Mei 1966', 'PKn', 'P', 'guru', 'fransiscomaya', '3bbc2b1bb1fed3b95589cde0a97ce390', ''),
(6, '197110111998021001', 'Agus Suprantiyono, S.Pd', 'Pati, 11 Oktober 1971', 'Fisika', 'L', 'guru', 'agussuprantiyono', 'f590b48dd6c45eec8f0969a7a291b5ef', ''),
(7, '196502091999032001', 'Ni Wayan Sedariasih', 'Tabanan, 09 Februari 1965', 'Sejarah, Sosiologi', 'P', 'guru', 'wayansedariasih', '90a2d00785194295f5dba7acac7517f5', ''),
(8, '196705091998021002', 'Abdus Syakur', 'Bondowoso, 09 Mei 1967', 'Matematika', 'L', 'guru', 'abdussyakur', '397e6c0b0abaded911d0376c493e0d62', ''),
(9, '196509022000031003', 'Samsul, S.Pd', 'Banyuwangi, 02 September 1965', 'Geografi', 'L', 'guru', 'samsul', '6ddcd35687be9a4415e4416a6dd6829e', ''),
(10, '196606122000032006', 'Husnul Hotimah', 'Banyuwangi, 12 Juni 1966', 'Matematika', 'P', 'guru', 'husnulhotimah', '0bb3a76b2e36715f76f769362fff6196', ''),
(11, '197009202003122006', 'Mujiati, S.Pd', 'Banyuwangi, 20 September 1970', 'Sosiologi / Kewarganegaraan', 'P', 'guru', 'mujiati', '6f644f6d12df3a3ef6938668a48130ec', ''),
(12, '197909012003122008', 'Umi Lestari, S.Pd', 'Banyuwangi, 01 September 1979', 'Bahasa Inggris', 'P', 'guru', 'umilestari', '1e398be40df082937f345008f9904570', ''),
(13, '197511162005012011', 'Sulityowati, S.Pd', 'Banyuwangi, 16 November 1975', 'Bahasa Inggris', 'P', 'guru', 'sulityowati', 'c7a31c51818f708d292867d128ca7f07', ''),
(14, '196606162006041016', 'Sukardi, S.Pd', 'Banyuwangi, 16 Juni 1966', 'Matematika', 'L', 'guru', 'sukardi', 'f4789943ee2c7f47492dea41ef8289e6', ''),
(15, '196806102007011033', 'Katiman, S.Pd', 'Banyuwangi, 10 Juni 1968', 'Sejarah / Mulok', 'L', 'guru', 'katiman', 'ca4e33770790fb7cee92227b2ba26292', ''),
(16, '197506112007012006', 'Nandi Suhaili, S.Pd', 'Banyuwangi, 11 Juni 1975', 'Kimia', 'L', 'guru', 'nandisuhaili', '733e65748f8b2bcbf1cf45513fdc86da', ''),
(17, '197308022007012006', 'Widi Nugrahani, S.Pd', 'Banyuwangi, 02 Agustus 1973', 'Bahasa Indonesia', 'P', 'guru', 'widinugrahani', '239dfedc4c79fe58a372b27ca247f92a', ''),
(18, '196409172007011016', 'Drs. Edy Purdiyanto', 'Malang, 17 September 1964', 'Biologi / Fisika', 'L', 'guru', '', '', ''),
(19, '196309052007011007', 'Drs. Priyo Suyitno', 'Banyuwangi, 05 September 1963', 'Sejarah', 'L', 'guru', '', '', ''),
(20, '196408252007011007', 'Untung Selamet, S.Pd', 'Karang Sari, 25 Agustus 1964', 'Bahasa Indonesia', 'L', 'guru', '', '', ''),
(21, '197309192007011013', 'Drs. Zhudi Hermawan', 'Banyuwangi, 19 September 1973', 'Penjaskes', 'L', 'guru', '', '', ''),
(22, '510234143', 'Dra. Eny Sulistyowati', 'Banyuwangi, 06 November 1963', 'BK', 'P', 'guru', '', '', ''),
(23, '510234277', 'Drs. Ahmad', 'Banyuwangi, 11 Juli 1967', 'Matematika', 'L', 'guru', '', '', ''),
(24, '510234292', 'Supriyadi, S.Pd', 'Banyuwangi, 15 Juli 1975', 'Bahasa Inggris', 'L', 'guru', '', '', ''),
(25, '510234305', 'Dra. Yayik Prakesti', 'Banyuwangi, 25 Mei 1965', 'Biologi', 'P', 'guru', '', '', ''),
(26, '510234455', 'Drs. Imam Tajuddin', 'Banyuwangi, 16 Juni 1968', 'BK / Bahasa Asing', 'L', 'guru', '', '', ''),
(27, '510234455', 'Asnawi, S.Pd', 'Banyuwangi, 05 Maret 1963', 'Penjaskes', 'L', 'guru', '', '', ''),
(36, '195904011989021003', 'Aries Bintang Pranyoto', 'Banyuwangi, 01 April 1959', '-', 'L', 'pegawai', '', '', ''),
(37, '196701112000032003', 'Fitria Indahati', 'Banyuwangi, 11 Januari 1967', '-', 'P', 'pegawai', '', '', ''),
(38, '196610141998021004', 'Sudarto', 'Banyuwangi, 14 Oktober 1966', '-', 'L', 'pegawai', '', '', ''),
(50, '19920813100850123', 'Agus Cahyono S.Kom', 'Lumajang, 13 Agustus 1992', 'Matematika', 'L', 'guru', 'aguscah', '$2y$10$MuK2bweMGI9B85IFPqhafetf51YAbjCSfPgZGaKPK3zwKHac.Myo.', ''),
(45, '1065008319920813', 'Agus Cahyono', 'Lumajang, 13 Agustus 1992', '-', 'L', 'admin', 'admin', '$2y$10$7prhnpKCFLH7/at4bnp8OO/OrV.ObyaSXigf.v7pjBumwSjKLMGmS', 'rCAg6QuDcSKoNccVdFq4Q5lY12e6EcptwUuzaVBDMx4VJOmDF3FAQXB6K5Un'),
(47, '12345', 'waseso', 'waseso', 'waseso', 'L', 'guru', 'waseso', '$2y$10$nw7ZXFGXvPTTNYHnJWNriercXtQbUeOXc7l2.KCWRIvaxPDMKVCjq', 'xuN7yBTBf0VAUOtuWjM3ms05C8VlP14oncTl211JkBfzynj7k4pjlGZc7j7d'),
(49, '11121314151617181910', 'Sekar Ayu Dewi Purwandini S.Si', 'Kediri', 'Matematika', 'P', 'guru', 'kampret', '$2y$10$BYNFwvaEk7QFp9Q1Y2L/0.UDiDbZ7GToXFae.x0ycPPiMs0vo.KZy', 'P9zjpiLIo0Q0QaDij7LoU1Z1TO1Q6N4hzfR9CyHIDgBKdbOYznIVrsh3TefQ');

-- --------------------------------------------------------

--
-- Struktur dari tabel `tbl_menu`
--

CREATE TABLE IF NOT EXISTS `tbl_menu` (
  `id` int(10) NOT NULL AUTO_INCREMENT,
  `title` varchar(50) NOT NULL,
  `slug_menu` varchar(200) NOT NULL,
  `tipe_menu` varchar(20) NOT NULL,
  `id_parent` char(10) NOT NULL,
  `level` int(3) NOT NULL,
  PRIMARY KEY (`id`)
) ENGINE=MyISAM  DEFAULT CHARSET=latin1 AUTO_INCREMENT=14 ;

--
-- Dumping data untuk tabel `tbl_menu`
--

INSERT INTO `tbl_menu` (`id`, `title`, `slug_menu`, `tipe_menu`, `id_parent`, `level`) VALUES
(1, 'Profil Sekolah', '#', '3', '0', 0),
(2, 'Album Foto', 'galeri', '2', '0', 0),
(3, 'Berita', 'berita', '2', '0', 0),
(4, 'Agenda', 'agenda', '2', '0', 0),
(5, 'Pengumuman', 'pengumuman', '2', '0', 0),
(6, 'Data Sekolah', '#', '2', '0', 0),
(7, 'Data Siswa', 'datasiswa', '2', '6', 0),
(8, 'Data Pegawai', 'datapegawai', '2', '6', 0),
(9, 'Data Guru', 'dataguru', '2', '6', 0),
(10, 'Visi dan Misi Sekolah', 'visi-dan-misi-sekolah', '1', '1', 0),
(11, 'Sambutan Kepala Sekolah', 'sambutan-kepala-sekolah', '1', '1', 0),
(12, 'Profil Sekolah', 'profil-sekolah', '1', '1', 0),
(13, 'PSBO', 'psbo', '1', '0', 0);

-- --------------------------------------------------------

--
-- Struktur dari tabel `tbl_pengumuman`
--

CREATE TABLE IF NOT EXISTS `tbl_pengumuman` (
  `id_pengumuman` int(5) NOT NULL AUTO_INCREMENT,
  `judul_pengumuman` varchar(200) COLLATE latin1_general_ci NOT NULL,
  `slug_pengumuman` varchar(200) COLLATE latin1_general_ci NOT NULL,
  `isi` text COLLATE latin1_general_ci NOT NULL,
  `tanggal` date NOT NULL,
  `penulis` varchar(100) COLLATE latin1_general_ci NOT NULL,
  PRIMARY KEY (`id_pengumuman`)
) ENGINE=MyISAM  DEFAULT CHARSET=latin1 COLLATE=latin1_general_ci AUTO_INCREMENT=14 ;

--
-- Dumping data untuk tabel `tbl_pengumuman`
--

INSERT INTO `tbl_pengumuman` (`id_pengumuman`, `judul_pengumuman`, `slug_pengumuman`, `isi`, `tanggal`, `penulis`) VALUES
(1, 'Pembagian Raport Semester Ganjil Tahun Ajaran 2010-2011', 'pembagian-raport-semester-ganjil-tahun-ajaran-2010-2011', '<p>Menjelang berakhirnya proses belajar-mengajar di semester ganjil tahun ajaran 2010-2011, maka akan diadakan pembagian hasil belajar/raport pada tanggal 23 Desember 2011 pukul 07.30 WIB.<br />\nYang bertempat di SMA Negeri 1 Wongsorejo. Raport diambil oleh orang tua/wali kelas murid masing-masing</p>\n', '2010-12-22', 'Agus Cahyono'),
(2, 'Libur Semester Ganjil Tahun Ajaran 2010-2011', 'libur-semester-ganjil-tahun-ajaran-2010-2011', '<p>Libur semester ganjil tahun ajaran 2010-2011 dimulai dari tanggal 24 Desember 2010 sampai dengan tanggal 2 Januari 2011.</p>\n', '2010-12-22', 'Agus Cahyono'),
(3, 'Proses Belajar Mengajar di Semester Genap Tahun Ajaran 2010-2011', 'proses-belajar-mengajar-di-semester-genap-tahun-ajaran-2010-2011', '<p>Setelah libur semester ganjil tahun ajaran 2010-2011, proses belajar mengajar di semester genap tahun ajaran 2010-2011 mulai aktif kembali tanggal 3 Januari 2011.</p>\n', '2010-12-22', 'Agus Cahyono'),
(4, 'Peresmian dan Launching Website Perdana SMA Negeri 1 Wongsorejo', 'peresmian-dan-launching-website-perdana-sma-negeri-1-wongsorejo', '<p>Peresmian dan launching website resmi SMA Negeri 1 Wongsorejo akan diadakan pada hari 23 Desember 2010 pukul 10.00, bertepatan dengan pembagian raport semester ganjil tahun ajaran 2010-2011</p>\n', '2010-12-22', 'Agus Cahyono'),
(13, 'Hasil Rapat Kemarin Ya Say', 'hasil-rapat-kemarin-ya-say', '<p>ini hasil rapat kemarin yah</p>\n', '2015-04-21', 'Agus Cahyono M.Pdi');

-- --------------------------------------------------------

--
-- Struktur dari tabel `tbl_pesan`
--

CREATE TABLE IF NOT EXISTS `tbl_pesan` (
  `id_pesan` int(11) NOT NULL AUTO_INCREMENT,
  `nama` varchar(100) NOT NULL,
  `email` varchar(150) NOT NULL,
  `pesan` text NOT NULL,
  `status` char(1) NOT NULL DEFAULT 'N',
  `tgl_posting` datetime NOT NULL,
  PRIMARY KEY (`id_pesan`)
) ENGINE=MyISAM  DEFAULT CHARSET=latin1 AUTO_INCREMENT=2 ;

-- --------------------------------------------------------

--
-- Struktur dari tabel `tbl_setting`
--

CREATE TABLE IF NOT EXISTS `tbl_setting` (
  `id_setting` int(11) NOT NULL AUTO_INCREMENT,
  `title_web` varchar(150) NOT NULL,
  `desc_web` text NOT NULL,
  `key_web` text NOT NULL,
  `logo` varchar(150) NOT NULL,
  `facebook` varchar(150) NOT NULL,
  `twitter` varchar(150) NOT NULL,
  `gplus` varchar(150) NOT NULL,
  PRIMARY KEY (`id_setting`)
) ENGINE=InnoDB  DEFAULT CHARSET=latin1 AUTO_INCREMENT=2 ;

--
-- Dumping data untuk tabel `tbl_setting`
--

INSERT INTO `tbl_setting` (`id_setting`, `title_web`, `desc_web`, `key_web`, `logo`, `facebook`, `twitter`, `gplus`) VALUES
(1, 'Ma Ma''arif Nu Kencong Jember', 'Website Resmi Madrasah Aliyah Ma''arif Nu Kencong Jember', 'ma, yunisma, ma ma''arif kencong, aliyah yunisma, yunisma kencong', 'BItIGSuC1OYtRI45uezhZyHZTY60hS.png', 'http://facebook.com/cahyocode', 'http://twitter.com/gauscahyono', 'http://google.com');

-- --------------------------------------------------------

--
-- Struktur dari tabel `tbl_siswa`
--

CREATE TABLE IF NOT EXISTS `tbl_siswa` (
  `id_siswa` int(10) NOT NULL AUTO_INCREMENT,
  `id_kelas` int(10) NOT NULL,
  `nis` int(30) NOT NULL,
  `nama_siswa` varchar(150) NOT NULL,
  PRIMARY KEY (`id_siswa`)
) ENGINE=MyISAM  DEFAULT CHARSET=latin1 AUTO_INCREMENT=572 ;

--
-- Dumping data untuk tabel `tbl_siswa`
--

INSERT INTO `tbl_siswa` (`id_siswa`, `id_kelas`, `nis`, `nama_siswa`) VALUES
(1, 1, 1102, 'M. Fhasa Wijaya'),
(2, 1, 1192, 'Adry Tyo Bastiar'),
(3, 1, 1201, 'Aji Dekia Septi Budiana'),
(4, 1, 1211, 'Angga Setiawan'),
(5, 1, 1224, 'Carissa Komalasari'),
(6, 1, 1225, 'Chepy Anggraini'),
(7, 1, 1233, 'Desi Rosita'),
(8, 1, 1235, 'Devira Lelyana Putri'),
(9, 1, 1256, 'Erwin Budiyanto'),
(10, 1, 1258, 'Faisol Andriyanto'),
(11, 1, 1263, 'Firman Adi Prasetyo'),
(12, 1, 1266, 'Fredy Fernando'),
(13, 1, 1268, 'Hadi Eko Romadlan'),
(14, 1, 1276, 'Husnul Khotima'),
(15, 1, 1279, 'Ibnu Katsiar Damasiqi'),
(16, 1, 1280, 'Ida Yuniarsi'),
(17, 1, 1292, 'Jupri Efendi'),
(18, 1, 1299, 'Linda Septianingsih'),
(19, 1, 1303, 'Mahdi Hasan'),
(20, 1, 1310, 'Moh. Rizal Siddiqi'),
(21, 1, 1312, 'Moh. Syarif Hidayatullah'),
(22, 1, 1314, 'Much. Arif Setio Muradani'),
(23, 1, 1315, 'Muhamad Dicky Alamsyah'),
(24, 1, 1317, 'Muhammad Abdurrohman'),
(25, 1, 1323, 'Nanda Leo Riza Azizi'),
(26, 1, 1325, 'Novia Maya Anggraini'),
(27, 1, 1330, 'Orlando Aji Noviandara'),
(28, 1, 1343, 'Rian Sandi Wibowo'),
(29, 1, 1347, 'Rifqi Zainur Rozyi'),
(30, 1, 1349, 'Riski Dwi Agustina'),
(31, 1, 1352, 'Risqa Aprihatiningrum'),
(32, 1, 1353, 'Ristin Ambar Sari'),
(33, 1, 1354, 'Rizal Fathurrahman'),
(34, 1, 1355, 'Rizal Firmansyah Hutama'),
(35, 1, 1356, 'Rizal Hairul Rojikin'),
(36, 1, 1364, 'Shely Mareta Husein'),
(37, 1, 1374, 'Syahrullah Gunawan'),
(38, 1, 1376, 'Tara Miftahurridha M'),
(39, 1, 1380, 'Wavinda Rizki Bastian'),
(40, 1, 1381, 'Wida Purwitarani'),
(41, 1, 1383, 'Yogga Novan Syaputra'),
(42, 1, 1391, 'Yuli Holifatul Koyimah'),
(43, 2, 996, 'Andre Agustin'),
(44, 2, 1194, 'Ahmad Dani Effendi'),
(45, 2, 1198, 'Ahmad Nur Hadi'),
(46, 2, 1204, 'Aliyin Nizan Putri'),
(47, 2, 1214, 'Anis Tri Lusiyani'),
(48, 2, 1217, 'Arif Nur Achwan'),
(49, 2, 1218, 'Arsandika Juni R. H'),
(50, 2, 1220, 'Ayu Cahyaningrum A'),
(51, 2, 1221, 'Ayub Febrila Andhika'),
(52, 2, 1223, 'Beny Azhar Helmy'),
(53, 2, 1227, 'Dahlia Faizatul Aina'),
(54, 2, 1229, 'Danil Azhar Arrofiqi'),
(55, 2, 1230, 'Dea Dewangga S'),
(56, 2, 1231, 'Dedi Kurniawan'),
(57, 2, 1239, 'Diana Permata Sari P'),
(58, 2, 1240, 'Didik Agus Setiawan'),
(59, 2, 1241, 'Dimas Aji Pangestu'),
(60, 2, 1247, 'Dofa Mahdy Firdaus'),
(61, 2, 1257, 'Fadlur Rahman Zaini'),
(62, 2, 1261, 'Fine Fatimah P'),
(63, 2, 1269, 'Halimatus Sya''diah'),
(64, 2, 1281, 'Ifan Riadi'),
(65, 2, 1283, 'Imam Muhlisin'),
(66, 2, 1286, 'Intan Sandi Pertiwi'),
(67, 2, 1290, 'Julianto Danu Wiyasa'),
(68, 2, 1302, 'Maghfiratika Izzatul A'),
(69, 2, 1304, 'Malik Abdul Azis'),
(70, 2, 1311, 'Moh. Saifur Rizal'),
(71, 2, 1320, 'Muhammad Nur Effendi'),
(72, 2, 1324, 'Ninda Rahayu'),
(73, 2, 1335, 'Ratni Ernawati'),
(74, 2, 1339, 'Restu '),
(75, 2, 1346, 'Rifky Dwi Wibowo'),
(76, 2, 1351, 'Risky Harun Arrasyid'),
(77, 2, 1359, 'Salis Ainul Yakin'),
(78, 2, 1365, 'Shita Rohani'),
(79, 2, 1371, 'Suci Oktafiyani Putri'),
(80, 2, 1375, 'Syaiful Basori'),
(81, 2, 1377, 'Tika Meliyati Putri'),
(82, 2, 1382, 'Yeni Wijayanti'),
(83, 2, 1387, 'Yuda Chandra Febriyanto'),
(84, 2, 1393, 'Yuni Safitri'),
(85, 3, 1199, 'Ahmad Suhairi'),
(86, 3, 1202, 'Alfian Chandra Gama'),
(87, 3, 1205, 'Amanda Nur Maulida'),
(88, 3, 1206, 'Amarta Apri Lianto'),
(89, 3, 1207, 'Anandya Faris Utomo'),
(90, 3, 1208, 'Andi Sulistiyono'),
(91, 3, 1209, 'Andri Krisdianto'),
(92, 3, 1219, 'Atia Al Kamila'),
(93, 3, 1238, 'Dhoifatul Khasanah'),
(94, 3, 1246, 'Diya Septigustina'),
(95, 3, 1248, 'Doni Dwi Darma'),
(96, 3, 1252, 'Eko Prianto'),
(97, 3, 1259, 'Fajar Bahari'),
(98, 3, 1265, 'Fitria Hardiyanti'),
(99, 3, 1282, 'Ike Wahyuni'),
(100, 3, 1284, 'Indah Gita Cahyani'),
(101, 3, 1285, 'Indra Jaya Sakti'),
(102, 3, 1291, 'Jumani'),
(103, 3, 1295, 'Krido Prasetyo H'),
(104, 3, 1297, 'Kurnia Utami Susanti'),
(105, 3, 1298, 'Lely Devita Sari'),
(106, 3, 1308, 'Moh. Ainur Rohman'),
(107, 3, 1309, 'Moh. Mukhtar Firdaus'),
(108, 3, 1318, 'Muhammad Idris'),
(109, 3, 1322, 'Nanang Hadi Wijaya'),
(110, 3, 1329, 'Oktavia Handayani'),
(111, 3, 1331, 'Puji Tri Lestari'),
(112, 3, 1334, 'Ragil Astiti'),
(113, 3, 1336, 'Rendi Septian'),
(114, 3, 1337, 'Reni Fitriyani'),
(115, 3, 1340, 'Restu Aji Prabowo'),
(116, 3, 1342, 'Ria Vandiana'),
(117, 3, 1344, 'Rifky Aldiansyah'),
(118, 3, 1357, 'Rozaq'),
(119, 3, 1358, 'Sajiwanto'),
(120, 3, 1361, 'Santi '),
(121, 3, 1363, 'Seicariana Trisna'),
(122, 3, 1370, 'Sriyani Yulis Yesika'),
(123, 3, 1372, 'Sudi Anang Triana'),
(124, 3, 1384, 'Yogi Andriyanto'),
(125, 3, 1389, 'Yudhit Destaria Suwandi'),
(126, 3, 1395, 'Zainul Arifin'),
(127, 4, 1197, 'Ahmad Novrizal'),
(128, 4, 1203, 'Ali Ridhowi'),
(129, 4, 1210, 'Andrik Hermanto'),
(130, 4, 1214, 'Apriyadi Pratama'),
(131, 4, 1216, 'Ari Andi Putra'),
(132, 4, 1232, 'Dedy Sufyan'),
(133, 4, 1236, 'Devita Sari'),
(134, 4, 1244, 'Dina Cindy Antika'),
(135, 4, 1245, 'Dita Aprilliani'),
(136, 4, 1251, 'Eka Putri Albianti'),
(137, 4, 1253, 'Eny Tri Hariyanti'),
(138, 4, 1254, 'Erlan Faishal'),
(139, 4, 1255, 'Erwin Apriyanto'),
(140, 4, 1260, 'Feby Retnosari'),
(141, 4, 1262, 'Firman Achmad Sholeh'),
(142, 4, 1271, 'Happy Muchtar'),
(143, 4, 1272, 'Hendra Jadmiko'),
(144, 4, 1274, 'Heni Anggraini'),
(145, 4, 1275, 'Hidayaturrohman'),
(146, 4, 1289, 'Jeniar Cahya Mentari'),
(147, 4, 1294, 'Komang Dendi Tri K'),
(148, 4, 1296, 'Krisbiantoro'),
(149, 4, 1300, 'Lutvi Ivan Pratama'),
(150, 4, 1305, 'Marinda Sagita Dewi'),
(151, 4, 1307, 'Mira Siska Yuliandari'),
(152, 4, 1316, 'Muhamad Ikhsan Yusoef'),
(153, 4, 1321, 'Muhammad Slamet Riadi'),
(154, 4, 1327, 'Nur Rochman Pratama'),
(155, 4, 1328, 'Nutrisia Imansari'),
(156, 4, 1332, 'Purwo Ardiyanto'),
(157, 4, 1348, 'Rio Octa Soeryono'),
(158, 4, 1360, 'Sandi Eka Kurniawan'),
(159, 4, 1366, 'Sintha Trivionata'),
(160, 4, 1367, 'Sisca Riwayati'),
(161, 4, 1373, 'Susy Adella Faradhita'),
(162, 4, 1378, 'Ulul Hidayasah'),
(163, 4, 1388, 'Yuda Eka Putra'),
(164, 4, 1390, 'Yudianto'),
(165, 4, 1392, 'Yuliyatin'),
(166, 4, 1394, 'Yuri Angga Setyamarsa'),
(167, 4, 1397, 'Zerier Atdiyan Mulvi'),
(168, 5, 1193, 'Ageng Fitriyanti'),
(169, 5, 1195, 'Ahmad Fathorrozi'),
(170, 5, 1196, 'Ahmad Fauzan'),
(171, 5, 1200, 'Ahmad Zaini Al Farizi'),
(172, 5, 1212, 'Anggun Sasmito'),
(173, 5, 1215, 'Ardy Ashari'),
(174, 5, 1222, 'Bagus Pebriawan'),
(175, 5, 1226, 'Cici Nanda Safitri'),
(176, 5, 1228, 'Dana Ade Prasdyansyah'),
(177, 5, 1234, 'Desy Risa Amalia'),
(178, 5, 1236, 'Devita Ika Putri Rahayu'),
(179, 5, 1242, 'Dimas Dandy Nirana'),
(180, 5, 1243, 'Dimas Satria Aji'),
(181, 5, 1249, 'Edi Sumariyanto'),
(182, 5, 1250, 'Edy Hariyo Santoso'),
(183, 5, 1264, 'Fitria Anzani'),
(184, 5, 1267, 'Gung Putu Kristian Y'),
(185, 5, 1270, 'Hanif Bachtiar'),
(186, 5, 1273, 'Hendry Prayudi Laksono'),
(187, 5, 1277, 'Husnul Lailiyah'),
(188, 5, 1278, 'I Dewa Ayu Rianja'),
(189, 5, 1287, 'Irfan Joko Prasetyo'),
(190, 5, 1288, 'Isti Lailiya'),
(191, 5, 1293, 'Kholifatur Rosidah'),
(192, 5, 1301, 'M. Fatal Ari'),
(193, 5, 1306, 'Maslahatul Aprillia Ummah'),
(194, 5, 1313, 'Moh. Taufiqi Irwan W'),
(195, 5, 1318, 'Muhammad Ali Wafi'),
(196, 5, 1326, 'Novita Arlan'),
(197, 5, 1333, 'R. Ernest Hemingway P'),
(198, 5, 1338, 'Reni Handayani'),
(199, 5, 1341, 'Rezi Hermawan'),
(200, 5, 1345, 'Rifky Dwi Mariyanto'),
(201, 5, 1350, 'Riskiyana Dewi Yanita'),
(202, 5, 1362, 'Sayu Suci Ariani'),
(203, 5, 1368, 'Siti Rukaiyatul Hasanah'),
(204, 5, 1369, 'Sony Prastyo'),
(205, 5, 1379, 'Wandy Siswanto'),
(206, 5, 1385, 'Yosi Iswahyudi'),
(207, 5, 1386, 'Yourridha Bungaylla'),
(208, 5, 1396, 'Zainur Rofiq'),
(209, 6, 997, 'Andre Maulana Rusadi'),
(210, 6, 978, 'Abdurrahman Wahid'),
(211, 6, 982, 'Ade Rizki Pratama'),
(212, 6, 988, 'Ahmad Arif Setiawan'),
(213, 6, 993, 'Ainur Rofik'),
(214, 6, 1000, 'Anggi Setyowati'),
(215, 6, 1001, 'Anis Abdurrohman'),
(216, 6, 1008, 'Arham Fadhillah'),
(217, 6, 1012, 'Ariska Febrianto'),
(218, 6, 1016, 'Badria Sunata'),
(219, 6, 1022, 'Desza Gita Dwi'),
(220, 6, 1025, 'Dewi Suparyani'),
(221, 6, 1026, 'Dian Mey Wirianti'),
(222, 6, 1027, 'Diana Fatmasari'),
(223, 6, 1036, 'Dwi Wahyuningsih'),
(224, 6, 1040, 'Dwi Wahyu Novita'),
(225, 6, 1042, 'Edwin Juniarto'),
(226, 6, 1044, 'Elfania Arumnia'),
(227, 6, 1047, 'Eni Yuvita'),
(228, 6, 1050, 'Fernando Rasna'),
(229, 6, 1051, 'Fitriyani'),
(230, 6, 1064, 'Ila Nur qur''ani'),
(231, 6, 1092, 'Marentini Fitrias Tituk'),
(232, 6, 1094, 'Marta Kristiani'),
(233, 6, 1098, 'Miftahul Hasanah'),
(234, 6, 1111, 'Niken Retno Dwi'),
(235, 6, 1114, 'Nur Fadhilah'),
(236, 6, 1118, 'Nuzul Ainur Rosyi'),
(237, 6, 1127, 'Retno Ardiyanti'),
(238, 6, 1140, 'Sholi Galih'),
(239, 6, 1144, 'Siti Laili Ngarofatus'),
(240, 6, 1149, 'Suhairi'),
(241, 6, 1176, 'Yuca Erlina'),
(242, 6, 1181, 'Yurike Faradilla'),
(243, 6, 1185, 'Zulfikar Maharditya PP'),
(244, 7, 984, 'Aditya Prasiwijaya'),
(245, 7, 985, 'Agus Setiawan'),
(246, 7, 1004, 'Anisa Hamidatun'),
(247, 7, 1024, 'Dewi Wulandari'),
(248, 7, 1028, 'Diana Wijayanti'),
(249, 7, 1030, 'Dimas Alit Indriya'),
(250, 7, 1031, 'Dimas Slamet'),
(251, 7, 1034, 'Dita Silvi Antika'),
(252, 7, 1038, 'Dwi Langgeng D'),
(253, 7, 1045, 'Ella Dwi Safitri'),
(254, 7, 1048, 'Ervi Listi Eka'),
(255, 7, 1049, 'Fariz Taufik Rohman'),
(256, 7, 1056, 'Gatot Siswandi'),
(257, 7, 1058, 'Halimatus Yulia'),
(258, 7, 1065, 'Ilfa Listiani'),
(259, 7, 1082, 'Linggar Alif A '),
(260, 7, 1084, 'Lucky Eka Putri'),
(261, 7, 1085, 'Lukman Firdaus '),
(262, 7, 1090, 'M. Taufik KD'),
(263, 7, 1093, 'Maria Ulfa'),
(264, 7, 1096, 'Maulana Habib'),
(265, 7, 1107, 'Mulyadi'),
(266, 7, 1108, 'Mumayyizatul Hasanah'),
(267, 7, 1116, 'Nuril Septiana'),
(268, 7, 1135, 'Roni Pratama'),
(269, 7, 1141, 'Siti Asmiyatil'),
(270, 7, 1145, 'Siti Nursamsiyah'),
(271, 7, 1157, 'Taufik Rohman'),
(272, 7, 1168, 'Wahyudi Bagus S'),
(273, 7, 1171, 'Widya Nurrohma'),
(274, 7, 1172, 'Wildam Bilion P.Y'),
(275, 7, 1177, 'Yulia Puspita'),
(276, 7, 1178, 'Yulindawati'),
(277, 7, 1179, 'Yunita Ningsih'),
(278, 7, 1180, 'Yunita Wulandari'),
(279, 8, 980, 'Ahmad Subhan'),
(280, 8, 986, 'Agus Susanto'),
(281, 8, 998, 'Andry Effendi'),
(282, 8, 999, 'Angga Pratama'),
(283, 8, 1006, 'Ardian Yudi P'),
(284, 8, 1009, 'Arif Budi F'),
(285, 8, 1041, 'Dyah Tri Winarti'),
(286, 8, 1046, 'Endi Alfian Insan Kamil'),
(287, 8, 1054, 'Galeh Satriyo Edy'),
(288, 8, 1060, 'Helita Tria D'),
(289, 8, 1063, 'Ika Septi A'),
(290, 8, 1066, 'Ilham Yusena'),
(291, 8, 1069, 'Indah Gita Cahyani'),
(292, 8, 1071, 'Ismi Fatchiyah'),
(293, 8, 1080, 'Lidya Muchtar'),
(294, 8, 1081, 'Linda Sukowati'),
(295, 8, 1084, 'Lucky Rinanda L'),
(296, 8, 1091, 'Moh. Zidqi Hidayat'),
(297, 8, 1095, 'Masrifan D'),
(298, 8, 1105, 'Moh. Hendry Jay Irawan'),
(299, 8, 1115, 'Nur Indah Yanti'),
(300, 8, 1121, 'Prasiska Wahyu P. v'),
(301, 8, 1131, 'Rino Hermanto'),
(302, 8, 1133, 'Rizki Arifta Giovani'),
(303, 8, 1137, 'Rosy Firman'),
(304, 8, 1138, 'Septiana Dewi'),
(305, 8, 1148, 'Sugiyasih'),
(306, 8, 1151, 'Sulikah'),
(307, 8, 1152, 'Sulung Kresna'),
(308, 8, 1155, 'Saiful Arifin'),
(309, 8, 1161, 'Tomi Arif Sumarsono'),
(310, 8, 1170, 'Waril Santoso'),
(311, 8, 1173, 'Williana Eka Rasti'),
(312, 9, 796, 'Arif Rahman Hakim'),
(313, 9, 835, 'Febriana Eka PS'),
(314, 9, 987, 'Ahmad Andi Winoto'),
(315, 9, 991, 'Ahmad Yadi'),
(316, 9, 995, 'Andi Rahmawan'),
(317, 9, 1002, 'Anis Riawati'),
(318, 9, 1007, 'Ardian Yulian Syafitri'),
(319, 9, 1029, 'Diki Kusuma Wardana'),
(320, 9, 1035, 'Dodik Prasetyo W'),
(321, 9, 1037, 'Dwi Aninditya P'),
(322, 9, 1052, 'Frengky Fica Army'),
(323, 9, 1053, 'Fristy Ayu Wahyudi'),
(324, 9, 1057, 'Gusti Nyoman Arni'),
(325, 9, 1061, 'Heri Hermanto'),
(326, 9, 1062, 'Husnul Khotimah'),
(327, 9, 1067, 'Imam Efendi'),
(328, 9, 1068, 'Imam Syafi''i'),
(329, 9, 1072, 'Ismiyati'),
(330, 9, 1070, 'Indra Purnomo'),
(331, 9, 1074, 'Khafid Haqiqi'),
(332, 9, 1076, 'Khoirur Rosyikin'),
(333, 9, 1079, 'Kiki Tri Ardiyanto'),
(334, 9, 1087, 'Lukman Hakim'),
(335, 9, 1089, 'M. Bakir Al Jaelani'),
(336, 9, 1109, 'Nanang Hariyadi'),
(337, 9, 1123, 'Ragil Ardinata'),
(338, 9, 1126, 'Rendi Putut Wijanarko'),
(339, 9, 1129, 'Rifqi Setiawan'),
(340, 9, 1130, 'Rima Liyana'),
(341, 9, 1139, 'Shinta Dwi Maulida'),
(342, 9, 1143, 'Siti Komariah'),
(343, 9, 1147, 'Sugianto '),
(344, 9, 1153, 'Suwondo'),
(345, 9, 1154, 'Syahrul Huda Habib'),
(346, 9, 1156, 'Syamsul Arifin'),
(347, 9, 1159, 'Tia Oktavianti'),
(348, 9, 1164, 'Wahyu Eka Wulandari'),
(349, 9, 1165, 'Wahyu Herdianto'),
(350, 9, 1175, 'Yogi Agung S'),
(351, 11, 802, 'Budi Hartono'),
(352, 11, 891, 'Mohammad Solihin'),
(353, 11, 919, 'Rifqi Febriyanto'),
(354, 11, 981, 'Ade Chandra'),
(355, 11, 983, 'Adi Setiawan'),
(356, 11, 990, 'Ahmad Syarifuddin'),
(357, 11, 992, 'Ahmadi'),
(358, 11, 994, 'Andi Irawan'),
(359, 11, 1010, 'Arif Kushadi'),
(360, 11, 1011, 'Arif Wahyu Tri Sejarah'),
(361, 11, 1013, 'Ariyanto'),
(362, 11, 1021, 'Daifi Ibrahim'),
(363, 11, 1036, 'Dodik Rahman'),
(364, 11, 1055, 'Gatot Bara Agung'),
(365, 11, 1059, 'Hamdan Affandi'),
(366, 11, 1075, 'Khoirul Rizal'),
(367, 11, 1078, 'Kiki Nurfa''iza'),
(368, 11, 1086, 'Lukman Hakiki P'),
(369, 11, 1088, 'Lusiyati'),
(370, 11, 1097, 'Mey Dita Yudastiawan'),
(371, 11, 1099, 'Miftahul Imron'),
(372, 11, 1100, 'Miki Margareta'),
(373, 11, 1101, 'Moh. Ali Imron'),
(374, 11, 1103, 'Moh. Nasikin'),
(375, 11, 1112, 'Miliya Megawati'),
(376, 11, 1117, 'Nurul Hidayat'),
(377, 11, 1119, 'Okky Pangestu'),
(378, 11, 1122, 'Putu Merta Dinata'),
(379, 11, 1124, 'Ramadhani Eka '),
(380, 11, 1128, 'Rifki Rudi H'),
(381, 11, 1134, 'Roni Okfi Satriyo W'),
(382, 11, 1142, 'Siti Hanifah'),
(383, 11, 1146, 'Sofyan Rozy'),
(384, 11, 1150, 'Sulastri Jayanti'),
(385, 11, 1158, 'Teguh Setiyono'),
(386, 11, 1160, 'Tika Mulyani'),
(387, 11, 1163, 'Vici Arwen Dedy'),
(388, 11, 1166, 'Wahyu Setiawan'),
(389, 11, 1182, 'Yusdiana Hana Pratiwi'),
(390, 11, 1184, 'Zainur Fitria A'),
(391, 11, 1190, 'Diana Yahyu'),
(392, 12, 781, 'Akhmad Furqon R'),
(393, 12, 789, 'Anik Dwi F'),
(394, 12, 791, 'Anita Pratiwi'),
(395, 12, 803, 'Budi Septa Rahayu'),
(396, 12, 807, 'Dede Yudha Prakasa'),
(397, 12, 810, 'Dedy Tri Ananda'),
(398, 12, 811, 'Deni Agustian'),
(399, 12, 813, 'Dewi Ajeng A.S'),
(400, 12, 824, 'Elvina Kumala Sari'),
(401, 12, 829, 'Estu Trianani'),
(402, 12, 836, 'Fenty Andriyani. P'),
(403, 12, 841, 'Galih Sukron Insani'),
(404, 12, 849, 'Hidayatur'),
(405, 12, 850, 'Husnul Khotimah'),
(406, 12, 851, 'I Komang Eka S.W.'),
(407, 12, 858, 'Imamatur Nafi''ah'),
(408, 12, 900, 'Novita Andriyani'),
(409, 12, 904, 'Nur Rafita Sari'),
(410, 12, 910, 'Nugroho HPP'),
(411, 12, 923, 'Riska Anggraini'),
(412, 12, 931, 'Rovi Zayyana I'),
(413, 12, 932, 'Rubi Emawati'),
(414, 12, 935, 'Sandi Tamara R'),
(415, 12, 938, 'Septi Manda Sari'),
(416, 12, 944, 'Siti Yulia Mustafida'),
(417, 12, 946, 'Suafis Zulfia MA'),
(418, 12, 964, 'Widiya Astuti'),
(419, 12, 973, 'Zaim Dzuel Hazmy'),
(420, 12, 975, 'Yuli Setyorini'),
(421, 13, 784, 'Anas Mahfud'),
(422, 13, 793, 'Aprilia Sudi Riskiyani'),
(423, 13, 783, 'Anas Adhi Saputra'),
(424, 13, 795, 'Arfienda Riski MW'),
(425, 13, 797, 'Arobin Jaka Mahendra'),
(426, 13, 804, 'Camellia Iveny S.'),
(427, 13, 808, 'Dedy Andriyansyah'),
(428, 13, 816, 'Diana Lia'),
(429, 13, 817, 'Diana Puspita'),
(430, 13, 823, 'Elmy Esra AL Faris'),
(431, 13, 830, 'Eva Rosalina'),
(432, 13, 832, 'Fachrudin Nur'),
(433, 13, 836, 'Firman Hidayatullah'),
(434, 13, 840, 'Friska Dwi M'),
(435, 13, 843, 'Giri Andrea'),
(436, 13, 854, 'Ika Novitasari'),
(437, 13, 875, 'Linda Ayu'),
(438, 13, 884, 'Mastuti Septya Ningrum'),
(439, 13, 887, 'Merry Ratna'),
(440, 13, 898, 'Nova Ratna sari'),
(441, 13, 907, 'Nurmala Setya Abadi'),
(442, 13, 916, 'Rianti Malindo'),
(443, 13, 917, 'Ridha Nur Putri'),
(444, 13, 928, 'Rizqi Yuli A'),
(445, 13, 930, 'Rosalina Mega P'),
(446, 13, 936, 'Santi Wijaya'),
(447, 13, 939, 'Septicia Tawakal'),
(448, 13, 943, 'Siti Marwiyah'),
(449, 14, 777, 'Agustina Utami'),
(450, 14, 786, 'Andri Sucipto'),
(451, 14, 805, 'Cindy Prameswari'),
(452, 14, 806, 'Dea Rinda Aulia'),
(453, 14, 818, 'Diana Putri F.'),
(454, 14, 819, 'Dini Eka Safitri'),
(455, 14, 837, 'Feny Ayu Setyorini'),
(456, 14, 839, 'Fitria Kartika Dewi'),
(457, 14, 842, 'Gilang Eko G.'),
(458, 14, 847, 'Hardianti'),
(459, 14, 860, 'Indah Sri Eva Wulandari'),
(460, 14, 866, 'Ita Lailatul K.'),
(461, 14, 867, 'Ivana Gabriella'),
(462, 14, 873, 'Lia Nurhayati'),
(463, 14, 877, 'Luluk Syarifah H'),
(464, 14, 882, 'Mariana'),
(465, 14, 892, 'M. Arif Alfan Habibi'),
(466, 14, 894, 'Neti Putri Susanti'),
(467, 14, 896, 'Nita Kartika'),
(468, 14, 906, 'Nurlaili Jamil'),
(469, 14, 915, 'Retno Adi Wiangga'),
(470, 14, 921, 'Rifki Ferlian'),
(471, 14, 924, 'Riski Hidayati'),
(472, 14, 926, 'Riski Amalia'),
(473, 14, 927, 'Risky Setiawan'),
(474, 14, 947, 'Sugiarti'),
(475, 14, 949, 'Sultan Amir'),
(476, 14, 950, 'Supartiningsih'),
(477, 14, 963, 'Wahyuni Sara'),
(478, 14, 966, 'Wiwin Nandasari'),
(479, 15, 636, 'Ansori'),
(480, 15, 773, 'Abdul Rozak'),
(481, 15, 776, 'Agus Syaifur Rohman'),
(482, 15, 778, 'Ahmad Husaini'),
(483, 15, 788, 'Anggi Ernawati'),
(484, 15, 792, 'Annasil Fachmi'),
(485, 15, 798, 'Ayu Erawati'),
(486, 15, 814, 'Dewi N.S'),
(487, 15, 815, 'Diana Endang W.'),
(488, 15, 821, 'Eka Sherly Verdia'),
(489, 15, 822, 'Eko Adi Rifanto'),
(490, 15, 827, 'Erwin Maulana Ishaq'),
(491, 15, 831, 'Evry Lia Tri P'),
(492, 15, 834, 'Febri Maulana'),
(493, 15, 854, 'Hendra Wahyudi'),
(494, 15, 865, 'Istiq Farin Bharani'),
(495, 15, 869, 'Karmila '),
(496, 15, 874, 'Lina Puspita Sari'),
(497, 15, 876, 'Lingga Sandy E'),
(498, 15, 881, 'Mahmuda'),
(499, 15, 885, 'Maulidiana'),
(500, 15, 890, 'Moh Rofiq Amin Aziz'),
(501, 15, 902, 'Nur Hasanah'),
(502, 15, 903, 'Nur Hidayah'),
(503, 15, 909, 'Nurul Yatimah'),
(504, 15, 910, 'Oktaf Nurrahman'),
(505, 15, 914, 'Reni Vonita'),
(506, 15, 919, 'Rifqi Afriyanto'),
(507, 15, 925, 'Rhiza Nurika'),
(508, 15, 940, 'Shara Eka Suci'),
(509, 15, 952, 'Susi Indrayanti'),
(510, 15, 958, 'Umi Akroma Safi''i'),
(511, 15, 959, 'Veki Mei Ria'),
(512, 15, 962, 'Wahyudi'),
(513, 15, 970, 'Yulius Anggara'),
(514, 15, 971, 'Yunita Sari'),
(515, 15, 972, 'Yustina Cici A.'),
(516, 15, 977, 'Rini Kusuma'),
(517, 15, 1187, 'Rudi Pranggono'),
(518, 15, 1188, 'Dwi Kukuh'),
(571, 1, 2460, 'Agus Cahyono'),
(520, 16, 780, 'Ajimas Rahman'),
(521, 16, 785, 'Andi Purna Irawan'),
(522, 16, 790, 'Anisya Maulidya'),
(523, 16, 800, 'Badrus Samsi'),
(524, 16, 801, 'Bayu Adji Widyatama'),
(525, 16, 820, 'Doni Setiawan'),
(526, 16, 826, 'Erlita Yulianti Putri'),
(527, 16, 846, 'Halimatus Sadiyah'),
(528, 16, 852, 'Icuk Sunyoto'),
(529, 16, 856, 'Imam M Sobirin'),
(530, 16, 857, 'Imamatun Nisa'),
(531, 16, 859, 'Indah Kurnia Ramadhani'),
(532, 16, 861, 'Irawati'),
(533, 16, 863, 'Irfan Firmanda'),
(534, 16, 864, 'Iskandar Ruli Gunawan'),
(535, 16, 868, 'Joko Arindi'),
(536, 16, 871, 'Kiki Firdaus P.'),
(537, 16, 872, 'Leni Suciati'),
(538, 16, 877, 'Luluk Ulmadaniyah'),
(539, 16, 886, 'Melinda'),
(540, 16, 889, 'Moh. Rizki'),
(541, 16, 895, 'Nita Aprilia'),
(542, 16, 899, 'Novi Aditya Setiawan'),
(543, 16, 905, 'Nuril Hamdani'),
(544, 16, 918, 'Ridwan Rahman'),
(545, 16, 922, 'Rinawati'),
(546, 16, 929, 'Rodiyah'),
(547, 16, 933, 'Rudi Hartono'),
(548, 16, 934, 'Samsul Mashur'),
(549, 16, 937, 'Sepki Surya Irawan'),
(550, 16, 942, 'Siti Kholifah'),
(551, 16, 948, 'Suharmawati'),
(552, 16, 953, 'Susiyanto'),
(553, 16, 956, 'Tri Suryo'),
(554, 16, 957, 'Tutus Dewi Wahyuni'),
(555, 16, 965, 'Wita Pratiwi'),
(556, 16, 969, 'Yuliana'),
(557, 16, 1186, 'Sherly Delvita Aurora'),
(566, 19, 1789, 'Satu'),
(567, 2, 4567, 'Yudhistira');

-- --------------------------------------------------------

--
-- Struktur dari tabel `tbl_soalpolling`
--

CREATE TABLE IF NOT EXISTS `tbl_soalpolling` (
  `id_soal_poll` int(3) NOT NULL AUTO_INCREMENT,
  `soal_poll` text COLLATE latin1_general_ci NOT NULL,
  `status` char(1) COLLATE latin1_general_ci NOT NULL,
  PRIMARY KEY (`id_soal_poll`)
) ENGINE=MyISAM  DEFAULT CHARSET=latin1 COLLATE=latin1_general_ci AUTO_INCREMENT=11 ;

--
-- Dumping data untuk tabel `tbl_soalpolling`
--

INSERT INTO `tbl_soalpolling` (`id_soal_poll`, `soal_poll`, `status`) VALUES
(1, 'Bagaimana menurut pendapat anda tentang tampilan website SMAN 1 Wongsorejo ini?', 'Y');

/*!40101 SET CHARACTER_SET_CLIENT=@OLD_CHARACTER_SET_CLIENT */;
/*!40101 SET CHARACTER_SET_RESULTS=@OLD_CHARACTER_SET_RESULTS */;
/*!40101 SET COLLATION_CONNECTION=@OLD_COLLATION_CONNECTION */;
